Time,Event,A1,A2,A3,A4,A5,A6,A7,A9,A10,A13,A14,A15,A16,A17,A18,A19,A20,A22,A23,A24,A25,A28,A29,B1,B2,B3,B4,B5,B6,B7,B8,B9,B10,B11,B12,B13,B15,B16,B17,B18,B19,B20,B21,B22,B23,B24,B25,B26,B27,B28,B29,B30,B31,B32,C1,C2,C3,C4,C5,C6,C7,C8,C12,C13,C14,C15,C17,C18,C19,C20,C21,C22,C23,C24,C25,C26,C27,C28,C29,C31,C32,D1,D5,D6,D7,D8,D10,D11,D12,D14,D15,D17,D22,D23,D24,D26,D27,D32,E2,E7,E8,E9,E10,E11,E12,E14,E16,E18,E19,E23,E24,E25,E26,E27,E31,F1,F2,F3,F4,F5,F6,F7,F8,F9,F10,F11,F12,F13,F14,F15,F16,F17,F18,F21,F23,F25,F26,F28,F29,F30,F31,F32,G2,G3,G4,G7,G8,G9,G10,G11,G12,G15,G17,G18,G19,G21,G22,G24,G25,G26,G28,G29,G30,G31,H1,H3,H7,H9,H10,H12,H14,H15,H16,H17,H19,H22,H23,EXG1,EXG2,EXG6
12265.625,InitialInstructions,3.821838,-56.48872,-37.95498,-42.14211,-36.38647,-16.61244,-4.604056,9.200975,-41.34011,-40.7717,-30.72814,-16.46639,-37.86213,-31.49819,-59.03487,-30.45456,-3.89997,-10.73481,-29.33126,-30.14938,12.79313,3.28462,-22.01722,25.48403,10.73103,3.644878,-3.18321,-6.73458,4.528169,7.855239,0.5869594,-7.473164,-28.07411,-0.663155,6.477352,-51.66815,-15.13363,-20.44084,10.14812,1.877753,23.90797,-7.243549,15.66145,2.273786,-9.535851,-11.95427,-9.181293,46.62596,2.075972,3.235026,-6.15371,27.48514,7.103779,-3.0186,33.08342,0.04994572,1.524661,19.86406,10.20569,11.09969,22.27966,17.48595,-14.24558,12.81004,15.08031,40.75986,-7.940192,24.74005,32.53874,12.13623,5.454227,-10.48669,-6.241994,25.55245,22.28342,-15.69618,0.3037142,-18.67753,-23.65704,-8.480638,20.58901,-17.48899,14.67994,-6.961926,-34.14458,28.06217,-10.78521,-24.30681,-18.1966,33.37631,5.387971,-41.1559,-7.146481,17.5006,32.30437,6.169448,10.63293,36.64796,-8.223194,-13.13022,-13.40079,-21.21286,7.436619,-18.31428,-17.41045,-11.04912,-24.42528,-0.2795752,1.833774,9.765483,54.42814,-18.53245,-6.032426,-5.402526,1.749533,-4.303813,-10.56267,20.75255,33.28858,3.364725,0.2197466,11.12062,11.7042,15.59778,10.97435,5.41583,6.741556,5.857646,-23.44903,14.03677,11.7618,8.406759,8.082596,6.136515,-10.65088,6.679245,7.468907,5.559788,28.0774,26.36994,32.254,15.92265,-19.38307,-18.88071,-48.75967,1.238486,-50.92454,-24.96344,-26.21428,-39.79441,-34.70304,-4.335238,-34.50016,6.822328,-14.96699,-8.805074,-1.003897,-0.4107011,-9.595332,5.984314,-6.681564,-8.805238,-9.76681,15.07276,-25.09226,-12.7188,-18.12253,-45.56863,-25.89226,-20.00639,-12.03149,-39.76937,-33.13173,-48.69709,-12.63945,-40.99736,-40.24936,-33.73064,12.32557,-31.17592
112269.53125,prebase_instruct,3.611094,-34.27807,-12.08113,-13.38769,-6.522799,7.190081,16.35187,14.82294,-25.36728,-22.86137,-19.25642,-16.83368,-32.62653,-25.20605,-52.38179,-19.56302,6.402869,-6.082666,-22.76952,-24.46667,19.08399,8.699436,-16.89207,55.10865,42.6575,42.36255,37.16897,38.47633,32.27968,38.6763,34.43418,29.24353,13.20924,23.70205,36.1582,-16.06615,9.143392,2.508856,31.58231,25.03422,48.28407,19.04458,34.542,19.06937,7.81183,10.83327,7.946077,65.54281,23.52855,26.95042,11.60755,44.42192,18.55321,14.39553,33.99249,1.07876,1.752196,19.02359,14.82549,19.12381,27.80505,16.46287,-14.9153,19.62485,16.26343,45.23144,-7.679188,30.78016,36.07111,14.127,7.292042,-9.637686,-4.976368,25.74896,26.10657,-13.66938,0.5509313,-17.34909,-22.09173,-4.742329,21.86979,19.67264,41.34993,26.47116,0.2090662,49.07207,24.31459,16.92972,28.86397,48.59771,24.14433,-11.53682,15.01687,46.01484,64.9521,19.74864,29.41084,52.62139,4.093368,-6.778574,-8.313225,-11.08905,13.18585,-11.94687,-10.29581,6.677754,-18.51812,10.27785,12.09372,14.65481,60.417,-12.63413,1.467622,-5.79195,3.357764,9.772093,0.4626393,34.94957,47.43961,18.81321,12.09706,24.72654,19.17026,22.72766,25.4558,24.74662,15.80298,22.79321,-13.4767,22.50175,19.91574,19.60291,21.30823,12.14837,-4.139186,10.22897,12.56375,11.94429,43.41836,32.43478,38.41671,21.49114,-15.35422,-14.1452,-42.35202,5.567481,-44.06747,-18.46689,-18.10647,-30.63558,-20.66879,-0.1660809,-26.68166,13.48722,-10.97684,-4.5766,-8.848305,-5.735199,-14.81054,-3.270356,-4.332848,-4.141165,-6.029536,11.33724,22.55233,29.66845,29.09389,15.28946,20.76413,30.8807,29.55686,-6.078466,12.38535,-12.83884,27.48792,-2.638709,14.81077,-18.74116,12.3264,11.57373
122714.84375,prebase,13.69948,-35.08665,-16.04142,-22.65512,-14.99701,-2.304242,5.373611,23.35303,-20.47722,-29.83683,-23.66403,-5.373241,-22.66777,-19.77144,-46.39233,-21.2617,1.954165,1.319945,-16.93937,-17.9186,19.56067,17.13433,-9.486831,36.90561,23.81325,18.70613,9.175511,7.150475,17.83678,18.29704,8.348743,-0.329374,-16.95844,8.111317,12.77649,-52.0046,-9.079548,-21.92512,5.512461,-9.056023,13.02902,-14.28489,16.94127,-0.7635532,-15.28769,-16.56054,-24.65699,23.61213,-9.582386,5.347956,-8.719408,17.17314,-16.70512,-23.85134,48.05819,15.63393,16.4733,33.55985,19.19704,3.157067,-0.07182702,-7.799198,-0.3735821,24.03195,16.1544,30.04823,6.045729,36.06767,35.23155,9.228481,7.292295,4.828285,8.589334,36.08448,30.26479,-6.995091,15.28838,-3.209225,-7.500969,1.494427,36.9012,-12.91062,8.399475,-0.9579134,-24.13456,21.01797,-1.179515,-5.722721,10.98758,26.00277,5.86087,-26.1892,-3.543173,29.48928,50.49768,9.558274,16.09716,47.06297,-11.46599,-8.241393,-1.3629,-11.26294,16.88688,-7.374798,-6.415757,-3.044619,-17.79263,8.339591,10.9448,15.92147,63.32313,-10.20029,-2.508269,-1.451589,-22.12088,-5.452123,-10.78369,21.8367,31.3548,-3.829332,-14.79555,-9.313195,-17.81141,-12.68767,-6.812212,-5.823275,-7.961776,-6.020626,-44.00586,-13.7132,-17.73435,-15.74989,-4.942801,18.23438,-17.60723,13.52548,20.66372,15.05882,9.014298,-7.710501,10.42378,-13.78181,-3.704684,-2.868915,-35.05003,15.14872,-35.29405,-11.01917,-13.67778,-23.84975,-14.21807,12.78744,-18.22658,20.78945,1.946977,6.881358,18.2589,16.82092,10.33748,23.43388,8.878025,9.453054,7.705243,26.74959,-6.334103,6.514929,3.515847,-23.54729,-4.766987,6.657992,11.76325,-19.41965,-4.990349,-27.03187,11.74862,-7.949022,-11.57879,-19.18883,12.03707,-13.23075
242761.71875,FeelingItInstructionsNoButton,-0.4904785,-53.42409,-34.62117,-42.68803,-36.04717,-22.86813,-9.043794,6.295817,-39.69767,-39.99137,-26.22701,-25.77623,-41.7951,-35.87128,-62.85337,-33.59913,-2.486743,-18.45973,-35.20395,-34.86494,16.39254,-0.478718,-25.43218,24.60302,11.96691,12.20722,9.350002,14.7076,2.553143,9.06965,4.244224,2.680393,-9.088591,-2.248732,7.356006,-38.28001,-13.37684,-16.60243,10.50826,7.803683,34.56801,6.656102,27.52913,5.517272,-5.508441,-6.595205,-2.304208,55.01866,17.27047,25.87026,7.8776,36.68477,18.03546,10.03018,29.69263,-2.157675,-2.30349,18.49152,19.7779,16.91291,20.60338,8.739492,-17.12554,26.25571,12.22925,36.47356,-11.53033,37.21595,32.21694,5.748318,-0.2745055,-12.13723,-8.453841,22.61656,19.02605,-21.02534,-2.223891,-19.51941,-24.50675,-17.20485,20.35202,3.163193,27.27016,13.59598,-11.29794,40.87393,11.12203,-0.415865,1.227468,41.44301,15.39455,-35.59613,0.5710867,27.34609,39.94695,5.40759,12.34261,37.29116,-12.01516,-20.20661,-19.42359,-24.69042,-3.549328,-27.74796,-26.17413,-23.62604,-39.39857,-7.087153,-1.542386,1.573223,47.28539,-31.73661,-17.13314,-20.40546,-6.599133,4.000533,4.254869,39.6369,50.61314,14.87323,11.1495,20.71127,17.44474,24.64671,22.82338,17.24774,11.8605,17.24634,-14.35421,18.5438,19.04782,16.61179,22.82806,21.55951,1.398564,23.61551,22.4417,17.05417,39.91444,24.05143,29.07237,15.94049,-26.03488,-27.15031,-58.1483,-8.415283,-58.85043,-30.32548,-31.79005,-46.03822,-36.70658,-6.975493,-44.09981,19.3467,-17.2186,-17.77121,-4.18802,4.952359,-9.873805,2.490246,-11.02775,-10.1053,-12.76626,25.40191,-4.99136,2.142983,-0.7667859,-23.85063,-2.614204,3.952364,-1.599514,-33.27934,-18.99251,-38.57835,-5.992491,-25.48342,-13.75729,-18.27986,16.76871,-23.03367
278687.5,InstructionsForEnding,11.6671,-43.85075,-34.28134,-40.1401,-36.82459,-17.45153,-7.520514,16.69581,-33.6892,-39.67836,-33.3531,-15.24318,-31.61646,-27.29635,-53.63152,-30.68726,-10.46856,-7.599885,-26.2184,-25.63343,10.35959,8.074302,-16.76283,25.75756,14.55747,14.06776,8.890008,5.504042,7.598758,14.2441,7.489737,7.577074,-9.058993,0.4894286,15.40681,-35.1919,-12.44351,-13.13246,18.69033,10.7646,35.65565,1.528016,21.41392,3.992605,-9.380783,-7.007491,-2.548485,50.0695,10.2842,11.5744,-0.4904495,31.75579,9.777809,0.05843421,29.60387,-3.446406,-1.65044,17.25744,10.94633,14.16345,22.42849,9.871079,-17.01231,17.09338,15.54149,39.85497,-12.43808,30.5761,34.1333,13.45593,5.675832,-13.92027,-9.194366,27.68603,27.42721,-13.33874,-3.398732,-20.4917,-23.80711,-12.25582,20.58158,-5.718186,14.82638,0.9367847,-25.73436,28.84344,-7.55163,-16.58825,-14.1606,31.70787,2.717603,-43.48907,-5.66796,20.01003,31.43858,3.272316,11.8427,40.24122,-3.693855,-12.53563,-12.34902,-16.00183,4.990797,-18.81249,-17.14964,-14.04231,-26.30405,-1.431163,3.181045,5.78168,53.06151,-21.54321,-9.923005,-9.813334,-3.79266,-9.011578,-12.20225,23.97391,37.324,6.413928,-1.717118,9.360603,8.06393,12.11782,8.83878,7.291534,3.488162,2.721206,-24.60529,7.887094,9.708243,6.991424,13.56218,5.657619,-3.877348,2.7988,6.493381,8.55126,33.12432,18.16827,26.5636,12.29271,-19.02088,-15.39639,-44.44411,1.673207,-44.53653,-27.67926,-33.68432,-45.07004,-37.71091,-6.142852,-31.91076,5.996023,-16.66071,-9.234965,1.074688,-1.797651,-12.02734,-0.1968494,-8.795527,-8.29906,-10.82905,14.2897,-14.36824,-1.443569,-7.234428,-35.11077,-17.34113,-11.16734,-3.652046,-32.31649,-23.06026,-36.68234,-4.25197,-30.71583,-35.40472,-25.65797,14.00444,-18.6484
628378.90625,ImaginationSuggestions,19.39446,-28.01641,-21.94145,-27.4377,-22.82826,-7.493553,-0.2628433,23.36394,-22.50867,-30.85204,-21.69727,-9.256856,-20.78941,-22.21028,-47.51043,-24.2009,-4.019964,-6.962092,-21.63546,-23.28281,18.29661,12.55523,-12.00473,25.35483,10.56525,5.64646,-8.495455,-1.924583,4.809477,2.583537,-7.347782,-14.61275,-29.02943,-3.435518,-4.98472,-52.75034,-18.76052,-26.22445,-3.817843,-11.19748,15.52946,-12.89587,20.14901,-4.526626,-17.43404,-24.99702,-22.68474,30.43508,2.05976,9.094932,-9.429679,19.85491,-4.098447,-8.81593,33.92328,5.899719,3.688274,24.22885,-2.392994,-2.940141,4.036189,-1.967343,-12.25749,9.121082,1.64414,25.88412,-5.198997,21.92355,23.59024,2.948811,8.972368,-4.565503,-2.409607,22.04872,24.37598,-8.724858,4.777022,-9.645554,-13.04345,-0.3295303,31.95047,-17.8139,13.59336,7.509774,-23.43307,34.01803,10.00378,-1.49765,1.836715,40.10841,10.67848,-27.29902,6.588514,36.12432,45.81327,14.63658,28.77933,53.5339,-5.878046,-4.229965,3.7983,-7.712563,23.98874,3.040933,4.387361,2.640467,-12.08294,9.652277,12.29409,17.56369,63.43414,-9.028322,6.534207,5.00914,-13.80091,-7.351387,-14.71952,15.22783,27.03701,-6.761549,-13.96851,-2.541529,-4.388224,1.896885,3.460308,-0.1633379,3.485304,5.569685,-27.07906,0.01782688,-4.42583,-7.436202,-3.37583,-8.342721,-19.82849,-6.590536,-7.398557,-4.441561,13.97294,2.631677,19.48678,-2.504323,-4.88735,-4.685871,-37.64291,15.87767,-36.78373,-11.79028,-12.26933,-20.34467,-22.77476,2.663626,-20.4979,-6.987694,-7.87288,-7.822081,-7.29362,-13.29689,-22.19013,-14.51212,-0.2999267,3.274694,-1.817192,3.281676,-17.70814,4.16138,-1.569257,-21.121,-13.64336,3.696595,1.906345,-24.43989,-12.37705,-22.46155,10.39679,-18.16009,-19.56746,-8.427134,22.59745,-20.08154
689988.28125,enter,28.0088,-19.98363,-14.4187,-16.44643,-6.793314,17.23206,38.55244,31.6495,-15.78676,4.572574,11.90594,0.78326,-12.36782,-10.84009,-37.20209,-17.10863,30.7357,5.640573,-9.20904,-10.55451,13.53441,25.85402,0.921819,43.99191,33.50258,25.34178,18.04861,13.91576,34.38103,33.90508,21.2727,17.59346,-2.985406,31.43491,31.89456,-28.00277,20.39007,7.009243,26.04514,10.1061,33.03381,1.347947,61.05717,29.87088,6.357766,3.322268,-8.287417,39.51054,3.63911,46.86294,22.88018,34.56357,-3.867246,-11.9602,39.35667,12.98359,11.18855,32.39412,13.00138,6.203175,2.849199,-6.151078,-4.917642,24.46858,14.95282,33.22888,1.394927,35.44393,37.79734,19.60964,16.8855,1.498226,5.009868,35.49642,36.41343,-6.32628,10.41324,-4.004591,-6.308708,-1.509694,38.63146,-4.105753,26.87057,13.86401,-22.31287,41.68921,4.44273,-8.545099,-10.85713,30.5628,-3.720392,-36.62581,-6.610178,24.27953,38.04462,3.65207,25.12619,55.56547,-14.56077,-6.029392,-1.076028,-6.266455,19.04466,-3.36268,-0.1521081,1.544508,-10.17882,13.16042,15.31516,21.8547,65.17828,-5.168837,6.835909,4.605776,-27.21083,41.35813,27.52781,48.44078,54.56058,14.87429,-4.291612,-0.7191266,-13.80288,-8.235492,-5.908932,1.229333,-12.9329,-2.110416,-41.34973,-15.78564,-16.34927,-10.96002,1.455688,18.74448,38.91701,27.92195,19.21291,12.31992,6.216917,-11.49258,-2.027211,-12.83248,1.557894,1.744139,-25.74094,28.34743,-24.49796,0.09150416,-5.161374,-14.3967,-11.54277,6.958538,-6.903468,16.36513,-0.3350885,4.810508,10.29318,14.76133,-0.4684575,7.038896,4.807451,8.800167,2.474002,42.89081,-8.346287,14.97049,2.460559,-16.61771,-11.13435,2.744066,10.46735,-15.76288,-6.037113,-17.18109,14.12357,-11.94455,-32.60308,-4.005899,29.54959,-11.50382
717757.8125,awe,15.56821,-34.01612,-31.68122,-40.44365,-35.10963,-20.88324,-7.031387,20.41925,-24.1614,-44.65031,-27.09693,-14.11495,-25.75311,-20.79426,-45.24258,-30.40495,-9.177309,-5.017877,-18.95971,-20.22187,23.3332,15.53818,-8.42634,17.92764,10.26934,4.759557,-3.171709,-1.133798,2.617567,5.466785,-2.393184,-4.751204,-21.70583,-3.344742,2.789589,-46.30252,-16.20958,-17.59691,3.389384,-3.428509,18.18223,-16.5471,26.69748,1.569802,-10.03839,-13.09799,-14.68944,32.66628,-3.820627,18.2363,4.981293,28.96383,-2.333134,-12.07902,34.9654,7.740135,5.446695,26.17592,13.7591,14.02306,17.35247,5.193208,-9.345831,25.86027,11.7311,33.74471,-4.459433,36.1876,35.12609,10.85615,9.645707,-3.557243,-1.301292,24.48851,24.75854,-17.28973,5.163272,-9.756266,-10.75867,-8.517189,34.28199,-22.09829,-4.899658,-11.40268,-35.18867,11.10626,-7.749205,-25.2264,-23.27929,14.8645,-8.297977,-55.42724,-17.84985,9.923291,20.18502,-7.682199,9.326446,34.33876,-16.57218,-18.10255,-18.60442,-21.81597,-0.1128554,-20.7631,-20.09072,-11.58773,-32.33206,-7.311128,-4.307405,3.478585,44.74887,-22.4481,-13.73464,-16.2632,-16.44019,-2.699119,-4.947658,28.97771,43.09169,4.424397,-4.907558,1.489615,-1.106951,-1.751413,-7.208671,-10.94117,-8.497696,-11.46998,-33.03784,-1.20826,4.934756,2.206168,14.44202,11.28962,-2.19304,10.64467,12.82698,11.22265,28.14119,8.287918,14.43791,8.641585,-15.3837,-12.88135,-37.94703,10.78668,-38.34722,-18.6307,-23.78861,-31.97433,-28.05109,-0.4034919,-23.98533,9.317843,-10.32227,-3.102514,4.606862,3.948137,-3.958853,4.760393,-1.705498,2.868651,-3.182495,16.00348,-23.50631,-4.075879,-13.9494,-40.10405,-26.2335,-11.60961,-7.095281,-35.0174,-25.58926,-34.1143,-4.180147,-35.61618,-35.14024,-24.36696,8.639242,-23.92166
880785.15625,exit,18.14859,-27.92498,-19.1136,-21.84782,-13.8676,-4.859344,11.00401,23.52974,-19.68604,-22.59222,-14.79935,-6.946627,-20.43599,-17.90267,-42.66503,-21.13857,2.465068,-2.192147,-15.81065,-17.55653,18.02215,18.29515,-6.265821,34.93544,28.50213,24.04896,16.76558,18.42594,21.24104,25.07861,18.91853,18.15159,1.138968,15.72883,22.51289,-23.58615,-1.4571,-1.333269,22.23054,13.31975,39.52068,4.102031,35.15525,9.885479,2.532863,-1.753684,-1.329001,51.78348,17.33622,23.62411,9.805704,33.84818,12.71917,6.50731,28.46337,3.883344,1.661237,22.29332,-3.186007,-5.067571,0.5912892,-6.743257,-14.2216,11.09606,2.421288,22.52904,-8.434001,19.35986,27.47873,5.273701,9.109586,-7.170492,-5.378046,23.6168,27.2274,-12.46438,1.03146,-12.35903,-14.73708,-5.849864,30.55343,-1.586836,15.51622,11.02144,-20.71935,29.43914,6.274928,-3.995825,-3.620533,31.60156,10.22032,-26.73876,-1.674146,28.01875,38.35705,0.6524373,21.15802,42.99581,-9.864243,-15.23873,-9.875121,-15.76551,7.487123,-11.47831,-11.19586,-3.787852,-27.43464,1.204336,4.700409,9.765667,51.08593,-18.96185,-4.937557,-14.1904,-15.61535,4.211852,-0.1089928,24.60599,35.43185,3.385644,-7.325949,10.46878,2.929642,10.95522,9.344688,8.807304,1.54255,2.709373,-21.87326,5.333919,1.701566,-0.3423941,-2.204033,-4.46221,0.7124669,-3.192571,-3.61239,-4.02155,14.62687,5.031173,16.62739,-4.619247,-9.395501,-6.335084,-33.03999,18.63187,-30.6768,-12.79745,-16.16855,-24.21409,-19.69079,-4.19394,-19.74413,-7.470403,-11.38185,-8.796925,-5.327273,-9.762096,-19.68736,-12.33104,-6.656633,-0.1223085,-6.957623,0.79515,-3.605945,17.88236,4.00234,-13.71477,-9.286759,9.292325,8.868431,-18.94208,-9.328323,-18.20045,8.061825,-13.75724,-22.32082,-8.291228,21.18717,-16.09632
938406.25,enter,13.94154,-30.42226,-23.68954,-19.96312,-8.066341,6.933654,20.95074,19.75768,-15.77279,-10.93579,-17.225,-14.18692,-28.62193,-20.5369,-45.14964,-20.19492,-0.5515076,-7.974535,-20.50814,-21.55508,28.45268,14.26757,-10.83506,41.04681,35.15588,30.14453,24.62811,24.32808,25.57209,30.04667,24.33792,25.96897,9.385711,19.52435,26.56164,-16.90348,4.95549,2.757966,24.10877,18.82485,45.26413,8.206424,42.00631,15.2653,5.052819,3.460935,3.602698,54.55025,20.43223,30.22251,16.11764,36.22515,13.99069,8.02491,25.54969,-0.5875905,-1.632151,19.88998,8.137215,7.463699,10.50986,2.149786,-16.16778,23.93563,9.742863,29.91468,-11.33063,33.38604,33.74116,9.414206,8.699576,-10.08133,-8.49943,22.23531,24.54145,-12.25158,-2.483323,-14.70552,-15.9297,-9.746457,28.15853,5.113879,22.12482,17.73561,-11.36324,37.64792,14.26316,-1.383238,-2.884976,36.20399,12.06969,-31.09207,-0.3318419,23.41133,34.08953,2.320532,21.13427,42.47369,-4.786573,-15.88194,-13.42867,-18.05618,6.226137,-13.39991,-12.58377,1.923569,-25.51468,0.5150615,4.001465,12.83552,52.74384,-14.76358,-4.598866,-3.556073,-6.84012,10.88659,2.360936,31.41959,44.09158,10.22413,4.817651,15.87795,8.757895,15.87161,13.29634,10.68158,7.252446,11.47566,-16.92618,10.25408,6.891109,4.833379,10.99091,8.671395,9.3566,9.104991,9.349426,6.828317,21.63839,7.988424,25.29551,5.752122,-11.69978,-12.31009,-39.22318,11.87457,-38.35938,-13.14749,-11.79128,-26.40095,-25.89954,-4.733736,-28.96132,8.733154,-12.40693,-8.374857,0.6046714,-2.653083,-8.674213,-2.591685,-7.434368,-2.110304,-8.593568,16.94095,2.779885,24.15231,11.12845,-5.329583,0.7320768,11.82477,8.984316,-14.45978,-5.686871,-15.83502,6.320769,-8.728135,-19.37419,-19.73882,19.03554,-22.17592
962457.03125,fear,11.09842,-38.08293,-32.82468,-36.41454,-33.41742,-19.46306,-3.859534,15.98061,-24.78441,-31.69924,-23.24072,-14.63696,-30.90583,-23.50967,-47.6301,-27.01817,-7.743778,-10.1934,-22.96464,-24.77931,16.18359,10.57904,-13.7242,7.809977,6.180744,2.023934,-4.45191,-3.162018,-4.397913,0.4716917,-4.99169,-4.627157,-22.65675,-8.109996,0.03950515,-42.0699,-19.63109,-11.25041,6.386439,6.297518,33.2848,-8.358684,23.21144,2.88999,-0.3836715,-3.749002,0.5959036,50.33132,16.82265,16.4802,7.936114,38.50441,18.74,12.00627,17.96884,-6.270801,-8.451966,13.3616,10.12587,16.53992,22.66856,17.64162,-23.17442,25.72839,14.21643,39.54028,-18.58861,33.29144,39.65467,13.34054,14.46452,-17.27423,-14.89006,20.43805,25.55174,-17.71297,-9.479259,-21.56538,-22.11772,-17.52922,21.68955,-16.32909,12.47007,-1.587242,-35.97999,36.24131,-10.03476,-22.4338,-24.5411,32.63709,2.420067,-39.64812,-4.449327,19.69781,28.33376,-1.212736,18.02081,36.51681,2.001655,-14.36485,-21.19063,-20.61822,-4.594748,-23.3121,-23.90831,-17.59827,-30.23655,-7.477949,-4.469483,-0.8231153,40.97876,-27.58149,-18.24408,-19.71688,8.3433,-12.51356,-10.43939,23.17081,41.2522,8.150097,3.209598,18.83665,17.67492,23.34116,18.69902,5.396508,19.1135,16.63499,-2.78383,23.38296,19.36248,14.46408,19.95449,3.113359,-11.34704,1.997161,4.806983,7.655844,36.08833,23.83544,38.69911,19.90349,-16.85114,-17.61157,-39.95194,7.87655,-40.05688,-25.3143,-28.70805,-38.55817,-41.22229,-11.24195,-31.12263,5.36701,-20.23138,-14.62647,-6.760005,-5.60169,-14.35726,-7.457005,-11.71716,-6.807482,-14.98917,16.00583,-25.37056,-3.294692,-15.13068,-38.94173,-29.72879,-14.89957,-9.319572,-34.18423,-32.9377,-33.99469,-10.07085,-38.81414,-37.50765,-23.07006,9.267624,-37.11806
1093750,exit,15.9574,-32.4339,-25.66009,-33.20389,-26.546,-9.198197,-0.03456262,20.99574,-20.22941,-22.2771,-15.46637,-14.46642,-27.95535,-22.58458,-44.79243,-17.27902,-0.8052569,-10.8696,-23.48314,-25.52594,23.03006,9.429661,-12.95392,18.71502,11.41858,3.881136,-2.97002,1.056914,5.834338,5.101861,-3.274656,-2.789036,-21.2752,0.8292169,0.06654492,-42.17735,-14.5685,-19.64542,-5.26753,-9.514684,18.05896,-17.04711,27.46862,1.512795,-11.52514,-20.41636,-16.27716,28.42964,-2.310537,19.62612,9.060197,22.28509,0.787138,-7.733546,35.63544,10.70668,9.945958,32.00139,8.597632,9.822309,24.7802,24.74173,-4.939829,24.65252,15.52276,43.26028,-0.2680013,33.92641,39.48433,19.07132,20.26445,1.267965,2.759478,28.62461,30.91098,-10.22992,9.613988,-1.92625,-3.983487,-13.07518,40.97792,-22.83401,0.6434216,-5.116799,-29.86733,24.63488,6.615308,-14.16381,-16.30983,24.79373,-1.884583,-36.45267,-11.57317,18.93871,30.30733,-6.15409,14.38259,37.37188,-4.989205,-16.31205,-18.97659,-22.48807,-1.107497,-21.13727,-19.5199,-15.72247,-35.92443,-4.656402,-1.627003,3.888289,46.1033,-24.38043,-17.69671,-14.73509,7.24092,-1.241879,-4.379577,28.32664,38.49419,1.510412,-7.160536,3.093364,3.14236,3.031672,-2.429501,-6.826823,-0.6349366,-4.489966,-24.28022,7.977368,13.85905,2.49029,4.882278,12.88101,1.57849,14.66189,14.23255,6.484862,31.67378,20.3024,20.08198,25.55463,-14.99376,-15.14646,-37.20044,10.69258,-38.64167,-21.00137,-23.10069,-34.26858,-28.64906,4.99187,-25.10142,10.25078,-3.770773,-5.345562,6.226835,7.906714,7.054152,12.65901,3.814259,10.95369,1.282536,29.52582,-22.90472,0.05916955,-11.92762,-28.3355,-22.82482,-6.630705,-3.684862,-27.54674,-21.86007,-26.42501,2.718861,-27.61348,-33.96469,-13.08587,15.80615,-28.92121
1151332.03125,enter,27.68726,-14.5235,-11.5075,-17.24516,-12.96492,4.3025,19.05229,32.09374,-9.843155,-12.86639,-7.075373,-6.522919,-15.605,-15.99003,-38.00749,-6.845148,5.875616,-3.40721,-15.86181,-18.20095,28.28688,16.69123,-6.547855,34.4178,31.50126,29.30166,23.36847,29.8465,21.866,25.26941,22.08651,20.56644,8.945789,16.77601,19.43121,-17.90557,-4.613535,-2.376757,14.80122,5.949199,38.841,8.729696,34.93969,8.398575,-3.961147,-4.915792,-6.120602,48.92582,19.81508,21.41648,11.15391,27.00877,8.593751,2.447889,21.32946,-1.109781,-3.606154,17.83704,1.490995,-3.189139,-4.62565,-20.73108,-17.36476,18.26105,1.219749,15.3452,-14.03914,27.38591,25.19842,-1.456657,7.599647,-11.70237,-11.97532,17.44914,23.05658,-12.38216,-3.217673,-13.96637,-16.66463,-9.096699,26.92023,10.28185,28.90567,27.29044,-6.462364,46.21484,24.02611,5.654405,6.123302,39.35228,17.24914,-19.38781,13.78337,36.56206,46.75309,12.72678,34.57161,53.16269,-11.84,-8.250129,-11.73182,-13.19576,5.162971,-14.27007,-12.55321,-0.1669812,-15.26531,12.78283,16.07292,21.58859,60.16605,-5.761034,5.239479,5.802317,-27.38157,3.912145,-3.40432,24.00407,35.3436,1.292992,-5.44869,7.288622,-0.5024137,7.257838,12.97569,13.88753,5.420589,11.00242,-20.4289,-1.316432,-9.700035,-6.916322,-4.505404,1.102269,-14.13997,1.96442,2.221667,-1.293069,2.360497,-14.83046,11.0824,-20.30455,-5.520897,-7.321762,-32.62812,23.42486,-32.22289,-7.489451,-7.252366,-18.33405,-13.97445,-8.558393,-23.26808,-0.9875861,-16.05637,-15.06015,-11.87258,-13.53747,-20.62002,-15.52647,-10.74763,-4.508416,-11.82045,7.099888,5.042121,27.85915,9.980883,-6.034741,-0.450561,16.70743,16.16402,-10.56632,-4.850649,-8.921834,18.6686,-12.09976,-19.59853,-5.792219,22.20735,-8.156176
1174164.0625,joy,9.269525,-39.23651,-31.88463,-38.48713,-27.54983,-11.66161,0.4034218,12.96183,-24.69075,-27.53432,-18.20173,-15.54785,-29.21115,-24.87328,-47.21774,-23.55501,-4.593646,-11.94447,-23.16302,-25.66023,17.69541,9.584153,-14.83454,17.01376,12.86611,7.139256,-0.8002434,2.204571,3.446669,5.307645,-2.335394,-1.252675,-16.3665,-3.335103,-0.276967,-38.63357,-20.11715,-20.86823,-1.344071,-8.534782,19.59713,-14.03129,19.90951,-6.493666,-21.01168,-20.20687,-18.59479,31.73314,-1.358719,8.603265,-0.7364878,15.87645,-3.289469,-9.919957,23.36549,0.7505512,-1.663947,21.92641,11.59374,14.59477,24.5063,18.92273,-14.01763,27.51659,15.52664,38.81616,-8.823408,36.96413,40.55285,20.56175,20.13468,-9.087571,-8.402786,26.54985,31.70972,-10.41495,-1.304924,-13.23358,-14.37503,-10.89808,30.70345,-20.05378,1.877341,-0.05282933,-28.82973,20.0869,-1.348486,-16.01649,-21.50797,16.437,-9.518629,-41.17199,-10.89769,17.84023,26.58079,-3.680961,19.66395,40.41742,-6.355711,-13.45221,-14.07205,-15.27781,3.036071,-14.57274,-13.85775,-5.832645,-28.43257,-2.038671,1.824652,7.730368,47.07961,-20.34421,-11.89471,-10.02811,-4.388144,-10.46082,-12.7755,16.55343,30.00303,-9.383255,-7.968796,-1.775194,-2.741797,-0.766102,-2.642602,-7.749134,-2.097356,-4.63196,-24.03615,0.4050375,8.700832,1.228628,12.56021,4.909544,-4.020748,3.852882,6.780521,9.736578,29.30746,12.82675,18.14422,15.40513,-14.04846,-15.328,-38.0127,12.33953,-40.20964,-17.45786,-17.66489,-28.1343,-28.85385,-5.464983,-27.70862,4.467156,-13.13787,-13.64698,-1.574705,-2.434278,-6.919826,-1.877334,-6.585911,-0.8140023,-8.037731,17.56364,-18.63818,0.5965285,-13.35825,-29.63549,-29.43022,-9.783291,-5.00303,-32.21767,-27.67752,-29.4074,-8.02261,-34.08414,-39.74756,-13.77668,12.02482,-31.90177
1292769.53125,exit,32.74981,-12.61126,-9.438262,-16.14103,-7.453917,2.192463,13.48746,37.0055,-7.219692,-15.22668,-10.20019,2.397784,-11.57569,-13.10015,-35.23211,-11.27598,3.651205,-0.3579134,-11.28263,-13.94126,26.69201,20.625,-2.521185,34.12045,30.27522,28.743,20.5067,24.93372,21.8516,22.86717,18.19387,17.14001,4.118599,13.22797,16.43298,-20.69258,-8.067147,-5.106652,9.789528,2.193632,31.56278,2.040917,28.97698,7.34507,-2.573674,-8.018485,-7.543156,39.56006,9.928911,18.4683,12.12569,29.18323,9.007502,-2.417235,31.30345,10.23694,7.623228,30.0675,8.663587,15.39007,25.53148,18.12437,-6.788413,28.12967,19.45379,42.97377,-1.644445,36.51863,43.57558,23.34022,24.83706,0.3882123,0.3350819,34.98058,40.91235,1.902967,7.607409,-2.561354,-4.460727,2.144146,39.99232,5.060938,26.04869,23.75909,-5.712174,32.71336,15.01006,4.965672,4.490285,25.59018,7.050041,-18.25289,1.121384,31.76238,43.31688,6.199467,29.8251,52.0741,-1.523427,-2.628049,0.2469527,-6.148398,16.87609,-1.154992,0.4563312,10.18538,-11.10222,13.24653,16.29992,22.02616,61.23435,-1.479477,8.482994,7.550305,1.531648,-0.5236484,-7.342971,18.15375,36.54011,6.414529,-1.282801,12.81999,7.148583,7.233742,3.263479,2.111608,1.531029,1.108078,-19.53714,8.955366,12.77104,7.601806,15.08253,-3.516017,-15.08379,-2.179536,-2.196464,6.819695,30.87546,15.00208,18.20851,18.13062,-0.1431943,-1.703305,-24.4128,27.96653,-23.30706,-5.366667,-11.67226,-19.40519,-14.16816,1.554147,-16.83807,-4.561019,-6.015223,-4.709782,-2.366931,-8.809249,-17.04763,-12.10685,0.8021603,7.410214,-1.05932,8.967511,2.685876,24.3383,10.24289,-11.26523,-2.347589,16.0371,16.19908,-8.305387,-2.301884,-5.608809,18.10335,-9.97883,-14.72797,0.2657367,33.95125,-11.18244
1350343.75,enter,10.68981,-35.86688,-25.97912,-37.35171,-29.36089,-13.57796,3.475195,14.26668,-28.82689,-25.6041,-20.2587,-17.84357,-30.26521,-28.61242,-49.6913,-24.32494,-6.450442,-15.9444,-27.1219,-28.31793,13.49385,5.247743,-16.98916,12.67794,13.5584,8.101733,5.236871,7.391882,4.787755,11.76685,4.588195,8.669197,-6.838896,2.229651,7.85357,-30.64949,-13.50102,-7.626218,7.061516,6.103874,33.16674,0.4828785,25.38085,2.353826,-1.019405,-6.893027,-2.921169,47.49716,15.08261,16.26461,14.48893,35.28622,18.81393,7.57505,20.13915,-0.6885938,-4.09836,17.61195,15.66366,24.58587,32.82606,20.28925,-17.41279,33.94261,15.88807,38.08636,-12.25263,41.5638,41.05796,12.68916,11.96557,-11.1856,-11.1011,19.18559,25.85722,-14.15472,-4.289095,-13.2144,-15.54975,-14.0119,28.56159,-6.40971,14.93294,11.05359,-22.25757,32.80013,4.882713,-14.63872,-16.03229,25.60341,-2.593085,-38.42361,-11.10002,17.2679,24.68401,-4.75196,14.39923,38.23986,-0.2852052,-13.46564,-16.56136,-21.12751,-1.23332,-19.07257,-18.08424,-7.873684,-28.53091,-4.187298,-2.170569,5.160616,43.69063,-21.54346,-12.49626,-13.21296,10.43221,-8.346998,-14.86879,22.17437,41.30756,9.425259,9.521284,21.68913,21.53723,19.82198,14.31332,4.967715,9.981524,8.929875,-5.297651,21.35053,27.5527,23.07573,27.90105,5.373785,-17.10406,3.658285,6.790764,13.47108,46.55211,26.94127,33.15953,29.4486,-17.00042,-17.95336,-39.49509,9.710806,-41.02649,-21.02593,-25.04105,-32.91389,-32.97909,-8.371525,-32.35521,5.929889,-15.79331,-14.98098,-4.837441,-3.199362,-6.454475,-2.89299,-8.226331,-1.541771,-10.43295,17.4985,-15.96545,4.575525,-14.82481,-27.95193,-25.42123,-7.98875,-3.990972,-29.97768,-25.17198,-28.55363,-6.050677,-31.6792,-38.36961,-21.58167,11.66659,-28.17898
1378945.3125,jealousy,17.08896,-21.30377,-13.62897,-14.58515,-8.564442,7.337504,18.56384,21.5364,-16.49796,-9.728766,-5.276509,-10.40211,-22.42251,-21.14123,-42.73086,-10.77606,8.230119,-10.30234,-21.05217,-23.3007,24.07481,10.73968,-12.2571,37.04848,37.64978,32.51062,27.18688,31.2759,26.59907,29.43918,23.53075,26.61459,11.882,22.36279,26.12589,-13.46576,3.090992,6.542924,18.70364,11.70961,37.86228,8.842911,43.22005,16.81456,6.791754,0.330209,1.482834,46.42089,18.18066,29.19792,20.92435,35.41981,15.06135,6.265941,16.8406,-4.858473,-7.179148,15.79738,5.24668,14.9126,23.75875,22.71914,-21.29139,24.31275,9.43104,36.18964,-14.82041,30.65906,34.85124,17.73553,20.358,-13.95552,-13.58374,21.18306,31.55652,-9.220779,-6.87204,-16.85634,-17.06199,-9.282969,26.89477,5.451392,26.693,25.64586,-8.858063,42.01624,20.53737,7.346042,5.370502,33.62226,8.716888,-24.21436,-0.4672489,26.11597,39.02734,0.3417917,25.78945,43.28678,6.060133,-7.103107,-13.64911,-17.0488,0.7419074,-16.77518,-15.28033,-6.829796,-24.86991,2.853265,5.810053,12.78024,49.88686,-15.51376,-5.511569,-4.579059,10.95269,7.154249,2.588031,28.64449,41.64852,13.52775,4.796737,15.72932,13.9,16.70595,15.1376,11.76969,13.35039,11.76184,-7.082693,21.4973,19.91062,18.45127,19.73813,-4.519055,1.851439,-4.131745,-3.693838,2.396409,38.87905,24.50086,28.25741,26.69887,-13.62822,-13.05006,-34.16411,14.51179,-36.3702,-14.90614,-18.48563,-28.99796,-30.20655,-11.06398,-31.32183,-6.732293,-19.84736,-20.08829,-17.18097,-18.81955,-30.45282,-26.05187,-13.24875,-6.549504,-15.04823,3.53569,9.249516,32.97989,16.80143,3.232888,0.09532697,18.42522,22.52905,-4.472148,-0.2206658,-3.543673,14.94895,-11.33327,3.254789,-7.308031,20.89805,-6.761618
1549468.75,exit,24.35385,-13.11025,-15.84098,-24.07516,-21.86472,-3.994847,11.93177,28.85853,-9.650434,-14.16827,-7.176589,-9.8685,-19.98983,-18.64054,-38.84512,-12.09308,3.969611,-9.109989,-19.15752,-21.83983,24.15379,10.59567,-10.14663,20.83521,22.45834,17.88315,15.76132,18.23777,12.6795,19.53076,14.4543,20.58257,1.344631,9.691613,19.21771,-16.2842,-8.880274,-2.92683,17.65167,8.38011,41.19772,4.636986,30.13733,4.312498,-6.502804,-6.154689,-8.145467,42.27272,11.27273,15.74906,9.41865,19.15895,-2.458617,-0.2757221,40.45929,20.20625,15.64071,36.76022,-2.255043,-6.809923,-1.155499,-9.897848,1.01977,19.73311,1.139243,21.85472,6.882555,26.27251,26.77636,9.08954,13.36132,9.175673,10.44214,18.05774,28.93381,-9.792576,17.3862,8.035866,6.087381,-9.013847,50.79943,-1.236282,17.18149,15.16312,-19.93897,36.07479,13.1826,-0.6871932,2.125107,28.22558,1.810953,-26.87159,-5.206453,24.37038,34.98518,0.2942314,19.94423,38.74408,-8.81871,-14.30226,-19.37805,-25.8233,-6.878909,-23.63423,-22.09641,-18.50762,-34.71907,-7.845802,-0.1272053,5.590498,41.55517,-32.8439,-18.54623,-14.53936,-20.10659,-0.8387522,-5.663263,14.24409,25.8612,-4.809505,-16.80219,-2.931089,-8.813029,0.01192518,5.021922,8.252242,1.858691,4.335773,-23.17269,-5.654937,-12.85469,-13.73908,-8.877588,-6.453633,-0.9807492,-4.688544,-5.340812,-4.21737,-3.529058,-11.23158,7.80391,-14.03534,-13.113,-10.93814,-33.93174,15.89673,-36.17165,-14.55184,-18.40654,-24.67268,-22.89784,15.48661,-16.43806,-6.912789,9.643638,-5.017545,-3.599568,-5.964975,-12.61953,-9.324522,13.56893,21.83578,12.92005,12.99104,-5.803536,17.35573,3.787065,-10.87707,-11.35966,12.7619,12.18638,-19.13299,-9.305736,-15.12627,14.85372,-13.02294,-5.547976,-8.802262,18.95746,-6.311992
1607371.09375,enter,15.93667,-23.90437,-21.92968,-24.59756,-17.33829,-0.02430675,14.47746,20.85206,-16.16196,-9.864077,-2.790846,-9.986814,-21.55724,-15.94987,-36.1464,-11.73112,6.781255,-6.784514,-15.5657,-18.21565,24.46653,14.49449,-7.201634,21.87962,22.14748,16.89301,12.48314,16.5006,12.97554,15.0599,9.345547,11.78629,-4.175599,8.822149,6.778906,-26.81814,-4.964482,-3.777476,8.001233,0.3599133,27.15145,-5.169685,39.34025,12.73121,2.607786,-5.172321,-2.880538,43.61721,7.603495,32.65057,25.17776,31.76244,9.396319,0.1470503,33.58035,14.20768,11.26801,34.40517,13.99574,4.969041,4.242898,-12.38876,-2.625208,36.90542,7.834518,18.01396,2.99259,43.0623,32.88496,6.766447,9.824929,3.659252,4.581339,22.26873,29.2415,-12.62663,11.42999,3.058106,-0.5979989,-10.65478,45.71526,-5.709172,14.93488,15.7462,-11.08273,29.49576,22.68128,3.755018,3.866031,19.9573,2.029109,-23.63175,-6.724369,24.86664,38.05417,-4.007151,18.10615,39.54301,-18.99182,-17.47688,-12.75161,-18.81397,2.130094,-14.82117,-13.11858,-6.269911,-29.79961,-2.571042,2.546829,9.733527,43.95335,-22.30654,-10.28311,-8.296665,-27.44953,9.456689,8.001704,36.08169,51.75064,15.11495,-0.09806813,12.03116,1.845335,5.647077,2.515064,0.379974,-9.1141,-5.176223,-26.09239,-1.741268,-1.905914,3.210037,9.866549,24.26348,0.5374537,22.9367,24.91531,11.22183,9.235893,-12.55204,-0.5394308,-14.41477,-10.09843,-8.973538,-28.32608,23.83695,-27.42163,-13.97686,-13.24703,-20.06186,-18.36166,8.261959,-15.84784,24.0785,1.499216,-4.425474,8.341572,11.7246,9.556271,10.70239,6.89371,13.97386,4.865602,38.87125,-4.093646,17.60974,1.33955,-11.43908,-13.10518,6.698935,3.499824,-20.84595,-13.64462,-17.67128,6.60616,-20.22959,-15.46021,-15.34597,6.358092,-17.27721
1632070.3125,excite,15.62885,-26.57161,-23.44454,-30.88456,-29.84567,-17.14099,-2.829681,20.92353,-21.56588,-26.56691,-19.91787,-11.80681,-24.33702,-23.718,-44.28008,-24.53289,-8.952338,-13.75499,-22.83525,-26.45769,11.17519,6.380337,-13.63929,8.644932,8.385107,7.896874,0.7910343,9.65341,-2.889197,0.4240603,-4.287653,2.554927,-11.10102,-6.035523,-3.494772,-31.54958,-19.9054,-12.30219,-2.96414,-4.12358,25.84453,-1.736123,23.62374,-1.105509,-5.877357,-13.9298,-7.033791,40.89669,12.95397,10.07501,14.19804,27.53976,11.01492,4.950017,21.71421,2.923086,-0.131552,21.76094,14.41799,30.23226,34.40169,22.36083,-12.82978,37.39363,22.57444,44.16326,-10.74395,42.47974,48.12372,25.10558,23.55444,-7.419378,-7.114892,28.28084,36.20986,-4.568402,0.2345768,-8.463326,-10.16214,-3.931653,34.00809,-7.910062,19.46064,14.07941,-19.34021,38.9511,15.36729,-0.4242135,-4.065179,31.78722,9.319849,-25.94071,1.239138,24.88473,34.13333,4.051036,26.49529,44.92914,5.519545,-6.16336,-10.21881,-9.214671,3.152236,-12.90482,-11.25716,-1.341453,-21.71513,3.612033,8.149022,14.51214,48.81824,-13.72179,-4.06908,-4.593552,7.162199,-11.04173,-11.23703,14.40995,36.2295,8.133886,10.83485,14.38481,15.20746,13.49209,13.88643,7.4643,13.78524,6.785098,-6.764612,19.02479,25.91794,22.79174,33.16935,-3.937196,-21.05813,-6.397735,-2.587239,12.00714,45.87636,24.99007,25.88949,28.10819,-12.96156,-13.66987,-35.79713,17.06536,-35.12373,-13.93476,-14.55987,-25.10711,-23.23834,-5.557513,-23.63071,-6.230099,-11.76046,-14.05545,-6.584303,-12.8735,-16.04281,-13.77531,-5.650465,2.227434,-8.268811,6.7199,-12.95883,10.41516,-3.953305,-20.07023,-21.48766,4.518541,3.530807,-26.22844,-19.25419,-21.96262,1.486367,-22.76122,-29.09995,-10.00454,16.90635,-3.435035
1767472.65625,exit,7.583226,-33.32005,-33.28656,-36.51039,-28.64052,-13.13066,3.293223,11.76276,-25.75406,-24.85071,-17.92517,-18.23625,-26.71467,-24.38663,-45.51226,-24.52112,-6.751519,-16.38528,-25.56883,-28.28769,10.2559,2.942278,-15.60292,10.58101,10.26232,3.531246,0.1852016,2.452633,0.606431,2.989959,-3.675359,3.243202,-11.40252,-4.174234,-1.954959,-33.54742,-18.58638,-18.43665,-2.747494,-8.763353,19.87485,-11.84934,20.71429,-3.94066,-12.25085,-19.83267,-11.20691,32.22506,0.2258514,7.304368,8.69804,17.14949,4.247568,-6.025213,22.49535,5.248341,1.243137,24.37989,5.02101,7.902667,27.32117,21.11106,-12.01715,28.42248,9.191941,35.67006,-8.58149,32.70238,34.01389,20.87154,23.13071,-4.899571,-4.643502,21.18978,31.34878,-6.04467,0.1996112,-6.340722,-8.646523,-9.966614,35.41472,-16.89315,3.497194,-0.2721088,-30.5521,21.48953,7.966413,-17.762,-17.34018,19.08121,-8.502084,-43.32119,-14.52301,11.21132,20.00363,-7.822185,13.37374,31.05407,0.6568196,-9.342238,-11.17405,-15.20795,1.364963,-14.63392,-13.15914,-8.66617,-29.77817,-4.469012,-2.287721,5.684372,38.52695,-20.94492,-11.65161,-9.647857,7.206437,-9.658768,-13.00646,13.49842,28.29226,-3.616409,-7.114301,1.894459,2.890532,4.391738,-0.524155,-6.541813,-1.96532,-6.546597,-14.474,9.922422,16.39673,9.150475,11.99271,-0.1715086,-26.20068,-0.0123774,1.321803,2.717185,31.22157,19.17687,16.18316,22.99065,-15.69241,-16.08494,-35.11745,18.80918,-32.96146,-19.03076,-21.98995,-29.92661,-23.78673,-1.122866,-20.0268,1.677853,-7.173462,-11.25572,-5.033654,-6.780165,-9.071338,-7.878695,-0.6322072,6.779539,-2.681978,17.11357,-20.15606,5.155984,-9.59855,-31.73223,-30.10954,-7.631633,-7.777396,-33.76552,-31.13583,-30.60798,-6.999816,-35.22923,-35.16314,-19.73985,3.679059,-25.38827
1825054.6875,enter,33.5782,-1.057639,-2.400409,-7.450392,-1.951935,6.988503,17.97858,37.01316,-0.2801488,-8.788631,-6.765291,-2.775856,-8.786607,-12.0798,-31.79745,-9.812321,2.563314,-4.489741,-13.59157,-15.29114,23.79468,15.1042,-5.069361,37.04407,40.45729,37.34118,31.86627,35.28912,27.04295,29.47841,26.16672,33.6265,15.78935,18.84225,24.4573,-5.664216,-1.146842,4.504023,19.92575,13.91037,46.00841,14.07412,36.21283,11.96009,4.619037,0.3129467,-0.5126405,52.11347,22.5946,20.36609,24.76648,32.65899,19.36956,11.73352,24.65209,8.041162,4.728804,27.73949,12.2346,15.88668,23.25582,18.3373,-7.858866,36.88659,16.61708,39.46612,-6.538023,40.90417,41.95222,23.39537,26.11392,-2.508986,-0.8823936,25.61921,34.66386,-3.768953,4.095162,-1.539357,-4.94804,-5.784538,38.559,9.808948,26.09163,28.72639,-6.286733,39.19886,24.61727,8.844733,17.82541,25.99838,7.793453,-15.79195,3.083519,30.3822,44.15738,2.665828,26.74885,44.51931,-0.9526775,-9.440794,-8.137224,-12.76145,4.708169,-10.56789,-9.846278,1.12108,-22.20894,3.353395,8.370635,14.22441,51.04823,-8.473235,-3.283451,-1.270219,0.9146243,-0.2944761,-4.670738,21.91768,36.78429,9.454909,6.817838,16.85464,13.67615,15.78379,14.71535,14.64175,6.350924,7.104576,-5.742435,15.88385,19.4138,14.17796,19.60067,5.124817,-8.728809,1.43951,7.352319,11.20147,31.98132,16.00099,20.3337,18.88255,-6.105651,-5.910442,-25.9662,25.13296,-26.50486,-8.784326,-8.45609,-21.35292,-21.31047,-0.2099238,-20.82938,3.659856,-5.87145,-8.769806,-0.5833655,-5.669615,-4.793203,-3.363014,-0.773272,8.636373,-1.047172,17.07275,15.52642,39.90648,22.57394,5.675698,9.089713,27.29345,30.08204,0.7084079,13.80672,5.149712,29.9721,2.034167,-5.141703,1.445059,27.42434,8.173592
1853718.75,disgust,20.6616,-25.53527,-27.242,-36.00821,-32.41849,-18.24841,-8.695692,24.12331,-21.77839,-26.26461,-20.39863,-7.761057,-20.27339,-17.23412,-37.52119,-27.06021,-12.12253,-6.832575,-15.27471,-19.26029,13.0049,12.15729,-7.356617,3.547041,7.373384,4.246628,1.18903,6.958433,-6.904717,-2.209667,-5.608294,-0.316413,-16.38206,-13.19092,-8.948196,-41.07352,-34.90239,-29.13964,-16.85042,-24.75112,3.079562,-24.13939,6.986828,-21.03344,-28.3833,-36.77764,-36.58998,9.322782,-21.66968,-6.516475,-8.653987,-5.368213,-22.50297,-29.42021,41.69931,24.38066,20.20485,43.28139,7.699564,2.91221,11.44263,1.949097,6.658878,31.23992,18.65814,35.2533,14.24187,36.70964,42.19752,23.88327,30.14991,14.15845,14.78427,35.73493,41.17797,5.173225,21.18349,14.07786,10.9087,3.768255,55.45052,-16.28598,-4.117962,4.544755,-22.73643,10.87984,13.86542,-3.733428,3.302894,9.493707,-1.420583,-23.18008,-0.8125153,24.07842,37.42769,4.908802,26.40137,44.85896,-5.638739,-2.275586,-0.4486736,-8.45945,12.5623,-2.222994,-1.486497,4.613997,-16.36664,5.519379,9.411154,13.85361,50.18988,-10.41509,-5.14685,-1.678741,-17.07862,-20.484,-23.15817,-0.970535,13.74151,-21.53294,-25.3893,-23.57489,-24.38649,-22.44936,-22.04804,-25.14268,-6.781351,-19.56577,-33.47586,-15.08857,-10.38133,-16.63353,-4.814005,-4.918954,-19.48548,-1.491492,-3.824612,5.587981,7.103581,-7.917092,-2.120106,-3.304761,-8.13061,-7.590023,-25.76983,26.53003,-23.79176,-11.28137,-9.807483,-20.73942,-16.64124,19.25284,-11.28759,-3.845194,13.02833,8.040215,14.12827,4.719225,1.302173,3.739184,18.78551,27.25964,17.72948,22.77008,-14.51651,6.206693,-7.643238,-20.62609,-18.64872,0.5878767,-2.914968,-31.19733,-21.54231,-27.33365,0.004581328,-25.80995,-25.01022,-4.728135,20.0487,-25.20108
2024820.3125,exit,19.73314,-21.41396,-19.60934,-27.41234,-18.78638,-4.288785,12.35652,23.33174,-14.03311,-13.61805,-7.211206,-2.717248,-15.61525,-13.25312,-30.9064,-16.3926,1.832008,-3.109891,-11.59559,-14.6934,20.79335,15.57581,-2.866039,24.87937,29.40527,23.68527,17.49436,19.25335,19.63355,25.73199,18.71003,26.44256,4.462589,17.05331,22.19873,-15.69648,3.102359,8.367199,19.99892,6.866288,32.07856,-4.186493,39.58583,14.46742,8.881286,1.437856,-4.760175,41.99645,2.59681,29.17031,30.3866,31.8088,5.157677,-2.876488,20.93595,4.404497,2.349542,26.73798,26.23884,20.73819,11.28189,-8.348633,-9.116751,51.1077,15.13874,26.59077,-7.166198,53.61512,39.54783,10.95935,15.7081,-4.063949,-4.012962,22.80787,25.60215,-7.036192,0.9198709,-4.581307,-6.187109,-6.804182,36.80934,-4.16014,7.086776,10.02427,-16.66092,15.16652,25.9537,-1.749427,3.313864,22.0869,9.985755,-23.84751,1.441597,28.40955,37.77997,0.3018425,27.00372,44.07318,-14.06004,-13.90244,-8.088779,-19.28989,4.678977,-10.25288,-8.206374,2.972291,-19.51321,6.929869,10.84953,17.13874,38.74902,-9.230141,2.246338,2.432853,-20.47272,1.447333,3.631237,32.26814,47.10863,15.3816,8.736698,8.08148,-0.599203,-2.515149,-4.252458,-10.04652,-2.760602,-17.17135,-17.46666,-3.466146,-0.7764062,3.18327,19.43592,27.01077,-2.255212,19.30202,27.8925,23.02876,16.17924,-9.734513,2.721243,-7.453879,-4.374872,-2.64767,-22.18127,26.76758,-22.27776,-10.70065,-12.41761,-20.60997,-21.41889,-4.780708,-19.83836,23.22386,-11.71941,-8.016633,1.199842,4.318951,5.363152,6.620857,-4.658194,3.936185,-5.881609,31.47887,-0.6360163,22.16657,5.889112,-13.99103,-17.69157,5.519592,14.24667,-16.53724,-12.41037,-12.73215,7.490093,-20.8937,-28.36246,0.3683829,19.74017,-20.9816
2082390.625,enter,8.972001,-29.89566,-27.57065,-36.23982,-26.04588,-10.47084,3.361525,14.48012,-20.56743,-16.8553,-12.70512,-12.77207,-23.08535,-20.98769,-40.21411,-18.45191,-3.432572,-13.70834,-21.65922,-24.0353,14.36988,5.423014,-13.41067,6.849983,8.467602,1.958323,-4.552685,2.655648,-1.002274,2.282368,-6.398115,0.4678016,-19.02565,-2.327256,-5.159956,-34.13878,-16.78995,-12.46634,-3.935863,-7.731768,17.28795,-12.24094,24.6835,-2.997785,-9.283881,-15.99812,-14.54559,37.19249,1.492794,9.228352,13.6787,15.70969,0.5450392,-5.622318,6.911243,-6.825686,-10.40894,13.33654,10.53632,10.26439,19.9404,4.78278,-22.33251,35.87381,9.912657,28.26185,-20.73325,39.36289,35.32626,11.36329,16.16156,-17.76224,-17.22307,16.06141,24.09278,-14.04582,-11.11476,-17.92609,-20.19526,-11.36369,23.50325,-18.21532,7.86644,6.35024,-23.59063,26.25594,15.00669,-2.274981,2.655679,19.71931,2.020962,-19.75294,-2.63032,24.29588,38.03396,1.934889,24.84452,43.95456,-6.527431,-12.14947,-13.30577,-21.0783,-1.5456,-16.75756,-14.80608,2.895287,-21.58917,3.38207,8.93476,14.84358,43.93392,-8.039693,1.496831,3.585116,-8.135559,-7.934296,-10.83958,14.78238,30.67566,-0.5188151,-3.7559,1.787381,-4.005991,-2.59357,-0.05313161,-3.88823,-1.754696,-2.924572,-16.29472,1.6099,3.614832,1.674589,14.09556,5.078139,-15.34914,2.982575,7.125049,7.975008,17.87043,2.110712,7.512449,6.190859,-10.55946,-12.00446,-32.85934,19.11939,-32.42291,-12.97302,-7.591942,-22.56752,-25.15088,-13.62455,-28.37646,7.47934,-18.47653,-17.99399,-5.642725,-3.996269,-7.578427,-6.98967,-13.11045,-4.480626,-15.42378,19.99235,-19.27336,2.813204,-8.6593,-29.19955,-29.19635,-1.900916,-2.662603,-32.88703,-24.2847,-28.20033,-2.813259,-25.4456,-30.39085,-4.72793,18.53685,-26.99894
2105476.5625,love,6.53471,-32.1635,-30.26914,-33.43659,-31.88592,-9.766658,7.691103,10.99296,-32.49868,-1.608635,2.544934,-14.66988,-28.75105,-30.18476,-47.85749,-30.07985,10.72547,-17.41909,-25.80268,-29.43343,-10.94897,0.0658419,-17.8463,5.55537,8.634684,2.938946,3.05386,6.715284,-0.1837146,2.84129,-2.688955,9.055956,-9.167298,-3.013891,-1.35573,-29.32495,-15.46994,-11.02668,-2.047386,-9.492004,24.84121,-4.60572,23.06653,-2.289927,-8.947521,-19.41005,-19.06251,37.4341,2.641217,11.51027,18.20151,16.04737,0.156503,-5.570975,25.74739,10.11135,6.961563,30.57195,18.54669,12.10704,19.74328,9.764514,-5.268365,43.2682,15.185,31.04685,-2.692549,45.51834,39.73685,16.04485,21.48853,-0.05712938,0.206133,21.75771,28.23608,-8.70214,5.947788,-0.0400215,-2.018218,-9.44715,41.01323,-8.174087,9.866848,9.361588,-25.99235,25.3311,6.157563,-7.059718,2.979414,8.709863,-8.873721,-31.6384,-12.5759,13.90903,27.00873,-8.241994,14.57256,32.20549,-5.991523,-11.97037,-7.041276,-14.47261,3.372102,-9.127615,-9.210047,-0.4143646,-25.24745,-4.502144,1.048807,9.119687,38.09248,-16.27268,-9.638161,-3.596965,-4.137286,-5.911113,-7.861768,21.44309,35.71867,2.02407,-6.006662,3.759869,-0.3411549,-1.737013,-0.6109605,-2.396256,-3.737431,-4.832168,-17.19109,4.421508,7.885168,2.307466,8.156467,18.82413,-15.72888,10.46022,19.77625,16.1952,21.77917,7.941323,11.10673,11.62955,-13.87185,-14.95563,-34.26485,20.51334,-32.33406,-15.98621,-12.91807,-23.81761,-23.29854,3.965818,-23.23657,20.96364,-1.6962,-8.518942,7.462105,4.919575,9.254803,9.54584,4.505424,14.16164,2.409265,27.36127,-14.54294,2.461335,-9.584297,-22.06795,-20.78213,-2.082302,-3.078376,-33.02762,-25.38839,-29.31989,-8.712034,-31.05063,-29.81805,-15.84683,7.388413,-32.08683
2226351.5625,exit,22.11792,-18.11076,-19.5703,-26.52355,-19.09756,-5.91131,7.933238,25.86604,-12.23321,-13.20925,-7.027054,-10.11053,-16.72386,-19.41945,-34.09809,-13.82069,1.292489,-9.776047,-17.2664,-19.66071,18.85065,7.755876,-8.296607,16.27276,21.30323,14.34311,8.067733,11.68083,11.30297,14.19311,5.330665,16.07337,-4.509796,8.426292,10.58703,-18.26222,-7.30444,-0.00336141,12.20762,7.756118,33.98182,-0.9559889,25.74611,1.170024,-4.389529,-5.356312,-6.902431,47.87448,9.386747,6.472447,12.67866,22.33921,7.512799,2.222544,21.49707,7.601173,3.059296,27.7003,7.405736,9.065459,11.45654,-12.66999,-7.351731,33.78815,11.67282,24.54681,-4.583754,35.70525,36.16621,7.897368,16.80651,-1.236155,-1.112497,19.46195,26.40708,-5.898668,2.757313,-1.464597,-5.021621,0.3263433,39.15643,-3.785764,15.17067,11.58643,-23.31163,27.34497,17.97415,1.502378,1.024364,17.25473,5.873313,-23.09831,0.6053352,23.18916,32.5958,-0.757471,24.02933,35.01215,-14.21897,-17.17159,-8.17168,-16.03652,2.904686,-10.43932,-10.52723,-15.87181,-26.32361,-2.550328,-1.148115,3.421879,21.81128,-13.93962,-8.403995,-7.973094,-30.5559,0.0370519,-10.59934,8.7471,22.88007,-0.8473727,-0.9257174,4.888536,-3.422006,1.738221,4.232061,2.978575,-1.674373,-0.5786247,-18.78722,-4.433683,-2.669948,0.2064362,14.7012,-5.16864,-8.185162,-2.318695,-4.874441,4.692039,14.20866,-14.95166,-2.244725,-9.408781,-8.134923,-10.94596,-26.48737,21.51989,-28.88516,-7.679529,-13.33328,-25.16246,-27.53506,-2.738829,-24.83176,-8.173074,-9.979313,-6.814331,-0.02334314,-2.418939,-5.899706,-5.674306,-2.558055,8.402963,-3.413949,14.33589,-10.43708,15.41439,1.390964,-18.60252,-15.33842,3.800516,6.199556,-19.55819,-17.06926,-15.32891,4.573853,-24.76943,-28.97532,-10.50532,10.71284,-9.421141
2283929.6875,enter,31.76511,2.423859,-2.377447,-9.105036,-9.326327,5.990883,19.4486,36.18357,0.4334956,2.966093,7.214411,1.047477,-7.470903,-6.201742,-24.53065,-1.747805,14.50039,-0.9288568,-7.784816,-11.18458,30.87299,16.32759,-0.1738691,26.20463,29.51654,23.11718,22.06562,27.27603,19.14155,19.76401,14.80776,26.11749,9.684092,12.29577,12.69353,-12.98027,-5.842255,-3.554776,5.801001,-7.816566,24.49091,-0.2322664,35.14528,4.969337,-5.141115,-14.08397,-18.00545,34.08875,-5.373002,20.59397,25.93077,16.64786,-1.447374,-11.67991,22.79144,8.135776,4.807785,28.93375,13.22393,22.92464,35.51042,24.12111,-7.973703,40.58629,21.9871,46.04195,-5.335037,42.51669,45.47922,25.71323,26.62439,-1.457155,-1.461145,27.26439,33.11632,0.8001339,4.439592,-0.3018498,-3.056414,-1.157412,39.64746,4.857024,13.38886,20.83804,-4.036991,24.08321,31.09525,9.827613,14.91278,16.90751,6.396441,-15.13509,0.9299276,26.01029,38.5478,-0.9659954,27.351,43.8976,-8.494355,-5.297033,-5.594723,-11.30634,5.767116,-7.098316,-5.831077,2.404101,-19.04304,4.885387,9.894191,16.65584,45.38954,-9.632575,-0.4969416,1.282172,-5.761815,8.972614,2.353138,21.8564,35.43035,3.913311,-0.4749806,-2.084877,-2.86886,-6.872502,-8.605024,-10.30268,-8.551645,-13.03335,-22.15501,-0.1062666,12.7853,8.394108,18.15264,2.191131,4.639404,4.241342,3.594852,10.47648,32.24131,16.17598,9.321936,23.90438,-1.674962,-0.6878334,-19.16154,30.74271,-20.71406,-2.324103,-3.873693,-12.82942,-16.2389,1.611096,-15.2601,3.618499,-3.855319,-4.642469,0.5580594,-2.432826,-6.587489,-6.556503,2.374627,13.39428,1.877545,18.30298,6.058845,26.40403,12.97491,-1.040249,-5.080396,21.45014,20.95401,-5.484822,1.989476,0.8769413,23.68954,-9.984808,-10.06732,-2.312145,29.49915,-3.03093
2313558.59375,grief,17.41326,-13.54238,-17.73025,-19.70697,-7.870746,5.55725,12.29656,21.8213,-8.476868,-3.583109,-1.378713,-6.266538,-14.43741,-14.64589,-29.65398,-7.216205,5.541685,-9.616379,-15.36633,-19.30167,24.07876,8.907469,-7.69931,21.86926,22.86844,18.47839,14.46047,20.08773,14.36257,14.1769,7.754211,19.07348,-2.958659,6.116805,6.148709,-17.47755,-17.12131,-16.85704,-7.094447,-13.63377,19.05958,-0.8826972,18.095,-13.39815,-22.1724,-29.65319,-27.40157,29.8521,1.085088,-3.454782,1.121669,-1.786236,-14.02549,-12.73157,12.87967,-1.397298,-6.353191,17.49592,-7.865532,-8.225325,-9.849729,-24.64276,-17.8222,19.20595,-2.800864,9.224009,-14.6836,20.97176,20.74079,0.006140009,14.06266,-11.77365,-11.34097,10.81074,18.41484,-8.918524,-5.727978,-11.39437,-13.75335,-7.483497,29.44531,-2.375458,14.33723,20.03384,-9.818181,33.03887,28.63679,9.39538,14.30259,28.58526,12.38035,-13.16067,7.93108,30.8113,43.04481,4.171404,29.70768,44.30316,-11.40073,-12.66384,-9.49016,-16.73476,0.4599374,-11.70487,-11.22883,0.5130429,-18.91961,6.287253,9.514908,15.55564,43.79592,-10.23902,-2.848705,-1.64151,-34.71387,-6.812864,-16.99004,-2.547672,10.9461,-17.50373,-20.42767,-16.81659,-21.46063,-13.41342,-1.942486,-0.1548014,-1.271893,-0.3086801,-23.51473,-18.60923,-22.90539,-19.39794,-7.447835,-20.39862,-14.97682,-17.39826,-19.91817,-10.38232,-12.80855,-31.80516,-3.152185,-29.69305,-5.947715,-6.442138,-26.32041,25.22478,-26.35569,-8.097545,-10.2256,-17.01669,-22.26443,-6.821026,-19.95967,-19.04146,-12.29552,-10.04995,-9.857825,-15.96146,-26.4971,-26.78714,-7.247289,3.523656,-8.690328,3.208501,-2.808875,19.32656,3.662579,-11.04352,-11.46375,10.63522,13.13642,-15.10579,-10.9371,-10.84311,8.756482,-19.44831,-15.18513,1.886837,21.73381,-10.36713
2493363.28125,exit,-2.418709,-15.54893,-34.8192,-33.52913,-24.18927,5.13736,19.05191,0.3788865,-41.94546,17.36907,5.003955,-24.59302,-36.0961,-49.53394,-66.65568,-36.98106,11.9572,-29.17934,-35.83001,-39.25151,-2.066883,-12.42913,-27.75766,13.28051,14.48837,2.086227,-5.346562,-7.894192,11.61637,9.349815,-5.701523,3.849325,-22.96933,10.65155,1.936217,-35.95182,-3.970077,-2.452859,3.906032,-7.190843,10.60801,-31.19898,33.29023,7.128714,-4.071148,-15.93737,-17.37835,29.03288,-17.27508,15.9219,23.96689,9.587495,-8.161932,-17.04889,16.66234,4.186295,2.055663,25.01925,3.574419,-8.350293,4.739683,-2.023093,-9.852429,32.16678,1.893309,19.27369,-8.031106,32.91589,24.81618,9.665936,20.07606,-5.061374,-4.488693,16.06807,22.88662,-9.6352,0.6292681,-3.92834,-6.809273,-13.75962,34.97095,-34.65273,-37.42847,-22.43031,-54.3731,-9.017363,8.610422,-23.11243,-23.36415,23.88283,16.81016,-34.5375,-5.267389,9.290816,19.23723,-4.641534,18.21367,29.56462,-11.14662,-15.07461,-18.1945,-18.30655,-9.175599,-21.13029,-21.29137,-15.07293,-34.17711,-9.045132,-5.220601,1.985394,8.434471,-21.61144,-15.03828,-8.34133,-16.59355,3.964362,-2.749319,21.28373,30.06463,-2.077351,-14.72027,-8.545694,-14.7726,-15.03376,-23.28677,-32.90438,-20.96482,-27.26347,-35.64689,-14.34115,-9.346354,-13.59667,-8.43323,14.38767,6.210542,12.41768,16.59277,1.004315,-1.491442,-4.722307,-11.65299,-4.12752,-18.81139,-22.38699,-42.32338,13.7942,-40.39176,-18.18524,-13.58945,-26.16151,-23.46195,-2.018051,-26.85076,14.63403,-6.008793,-17.98391,-6.071039,-0.620901,3.910255,2.948611,-2.022691,9.453538,-3.285448,31.69016,-28.77251,1.303599,-16.69958,-32.36233,-44.33462,-20.58342,-5.092395,-28.12757,-29.77952,-23.62926,-4.913705,-47.69064,-47.46347,-13.38337,3.957929,-27.49495
2550937.5,enter,102.8141,70.40988,52.47609,25.83406,22.75851,27.30123,30.47693,108.4258,14.1076,8.579407,4.851469,-39.51949,-37.96009,-23.44783,-40.91262,0.0686336,11.51291,-28.23088,-32.99005,-36.59108,17.19678,-10.18503,-25.0502,54.62018,57.52464,59.16086,47.74902,58.44911,40.53981,39.34592,37.40162,47.95543,29.20038,28.6228,29.56429,7.341846,6.436615,16.67127,25.75905,18.42463,53.28234,19.91007,40.10462,18.25077,15.10015,3.910614,3.687046,61.36697,28.08491,23.57887,35.68802,34.72647,24.9584,19.53003,-20.82428,-32.78131,-33.68324,-7.849245,10.55974,9.465981,19.3842,7.687601,-44.84931,37.71423,6.92751,16.36118,-45.39487,38.28709,30.37971,6.260059,11.59801,-42.81418,-42.55239,6.565804,8.49927,-35.14893,-37.69338,-42.12873,-45.0519,-50.38908,-2.541941,18.49645,29.67863,35.38623,8.659532,44.53866,40.48382,38.6451,77.67109,33.32774,14.89731,9.208547,2.55024,24.69013,48.12082,-7.376624,9.566451,7.660933,-5.974094,-27.34542,-77.19411,-39.46453,-87.31044,-99.58855,-100.1628,23.90099,-43.64875,-28.33062,-29.31115,-20.62347,5.318614,-41.60741,-31.48709,-31.26788,2.149106,8.193895,1.574444,28.05071,41.39401,16.12202,9.190479,19.67556,15.06096,19.31738,21.72583,19.75074,18.5247,13.98678,5.286674,17.94787,19.34579,13.17662,16.88612,14.54154,0.05425019,12.51702,16.25098,7.939951,25.72059,14.79431,23.5663,11.39087,-41.78711,-37.50454,-42.9758,-4.1039,-46.39315,-46.46631,-39.96381,-49.56691,-49.32679,-48.24715,-46.95827,16.43567,-59.18366,-25.59974,-16.12909,-7.158487,-3.790794,-5.760662,-40.28534,-29.33082,-40.308,25.35863,41.32664,65.98806,68.52484,55.63009,72.47241,103.9758,83.83685,44.09716,84.9306,56.83433,154.6898,87.72849,120.7476,-102.3853,-63.00472,108.3493
2574449.21875,content,-17.08301,-48.91744,-34.81162,-40.32858,-30.48561,-9.700535,8.316747,-8.421588,-36.36845,-17.11009,-9.548388,-31.41066,-42.65235,-36.27478,-52.65818,-27.37713,-2.374192,-29.82485,-36.4971,-40.25257,5.414046,-13.22663,-26.90016,6.745224,12.63667,3.139185,1.955845,4.99989,7.242932,10.44937,1.168211,11.70197,-6.751468,6.171381,5.270611,-18.96166,-5.780658,4.283311,9.951964,1.499953,27.99097,-1.354177,29.80556,10.8057,7.607363,0.4640174,0.3553434,49.60808,12.83535,14.94215,30.15484,31.90512,14.80494,11.36546,20.73418,7.856856,4.353197,27.53166,8.709409,12.35401,18.3236,16.82973,-7.38657,35.35263,7.219147,29.15101,-5.482663,37.36174,29.69863,14.21237,22.58538,-1.839622,-2.283514,15.33531,23.16912,-14.10445,3.381837,-1.527755,-3.653674,-19.28061,38.04858,-7.946354,11.37593,7.732029,-27.94676,30.03461,13.19289,-4.502411,-2.578289,19.08824,-1.466919,-34.84214,-12.19535,9.148183,21.09008,-14.10827,6.628762,16.17754,5.196311,-21.17439,-27.099,-32.17628,-18.05697,-30.60392,-29.80098,-32.44249,-44.47894,-19.38271,-19.82946,-16.1147,9.33032,-43.68577,-29.85223,-32.66034,10.79165,-0.5750441,-3.935322,21.436,34.19608,11.39239,11.43367,19.40631,16.40667,16.21417,12.35485,2.711129,11.40581,8.272126,2.868472,20.38075,21.60323,18.45848,22.75983,9.928955,-8.539178,6.430075,10.68942,6.641839,32.18628,19.91969,23.00237,20.42481,-30.15147,-29.53477,-43.18136,6.1101,-43.33286,-34.91401,-35.6111,-39.94542,-32.08333,2.373721,-34.79158,12.3629,-3.307002,-10.3573,-0.5842878,-0.2580113,1.497514,0.04676269,2.844106,14.38614,2.069312,26.55563,-16.47227,0.7616026,-14.87684,-29.15038,-28.64341,-10.56341,-8.907853,-36.38478,-34.54874,-33.8912,-20.84962,-42.38707,-40.1191,-23.46776,-9.221095,-47.12358
2699156.25,exit,4.045114,-26.6776,-26.28983,-35.95007,-27.84974,-12.73085,-0.9031726,8.065282,-25.98456,-26.15847,-24.64231,-11.46362,-24.15817,-25.45078,-40.68841,-30.67177,-18.74871,-17.77844,-24.07953,-28.25324,-4.652075,-2.831259,-15.75217,16.09083,25.16643,21.1797,21.75473,24.57737,11.8946,19.23628,16.70851,30.74734,13.1537,5.739667,18.34073,-2.766158,-8.6737,5.432244,16.74959,13.32363,41.77283,12.31167,21.46708,7.338963,9.172559,3.66216,8.49256,57.7416,19.96384,12.42517,30.94569,31.80248,22.26127,16.53982,23.38326,10.6468,8.205736,32.30438,28.65835,27.25965,27.61856,14.78714,-2.204391,56.06524,25.05036,36.9984,-1.413753,56.28992,45.70488,23.94377,29.44431,2.415971,2.636103,30.69296,33.14346,-1.422624,6.900377,2.512966,-0.1999057,-1.709422,41.54521,4.332241,22.46036,20.48959,-11.16383,38.79535,34.97352,19.70249,16.55045,31.25407,14.52615,-10.87569,6.944164,30.73218,42.09022,6.852213,30.33965,44.3249,-0.4050707,-4.229481,-1.583038,-6.168388,9.118251,-2.818924,-2.498028,7.636321,-14.23232,8.194675,9.873602,13.89783,43.23633,-4.573578,1.395933,-3.861895,0.2583183,-14.22477,-12.56567,19.0055,39.28295,13.8384,12.10607,20.42958,16.5295,15.45651,16.70838,12.41026,11.51446,9.898638,2.417887,17.23632,19.88202,20.50646,29.54092,18.26085,-14.9631,7.207674,20.55159,25.68084,33.5604,15.82725,20.21459,16.45293,-13.00116,-13.04988,-29.74695,21.87347,-28.9217,-14.37799,-18.72113,-27.39534,-24.84059,3.232482,-18.27185,17.90989,-2.032669,-7.384484,3.37308,0.164123,6.990994,4.560622,4.830966,15.04425,3.962039,22.8422,1.928749,19.91766,6.983792,-4.666498,-9.272198,14.05994,8.253289,-23.64577,-15.25696,-18.16932,-1.465773,-23.44168,-19.68454,1.969091,21.7736,-15.85073
2756789.0625,enter,12.0577,-19.13499,-22.41984,-25.91199,-16.65886,-4.346762,8.926408,16.82191,-16.44461,-10.51993,-7.222924,-9.180737,-19.46924,-17.82677,-33.11151,-14.92147,-0.3148654,-12.18649,-18.15068,-21.49275,11.81344,4.727894,-10.12369,17.44207,19.16806,11.96826,8.622736,13.68021,12.40113,13.65202,3.898092,19.02309,-0.9849579,10.23491,8.119162,-12.06963,-1.685865,5.56841,14.03719,8.464709,33.84522,4.792177,31.33912,8.615699,4.037873,-2.27964,-0.04155184,53.09507,13.17112,16.53097,27.42992,25.7186,14.53962,8.650581,18.43808,6.886803,2.939608,26.74137,8.575583,7.252175,15.18106,0.8866075,-7.606524,36.25338,9.275394,20.70403,-6.276084,36.48369,31.28504,9.637655,18.91914,-2.289343,-2.35691,18.30894,24.35263,-8.871284,2.71993,-0.8811578,-3.453794,-6.656909,37.08912,1.956331,15.64441,18.90064,-12.35599,30.21029,30.15461,15.88931,13.64571,22.10149,6.977475,-13.28827,2.575459,26.1263,40.31139,-1.862318,22.31588,39.64888,-7.741344,-12.91953,-8.733515,-15.24594,1.056517,-10.68658,-10.04298,-2.273746,-24.08687,3.544899,7.862795,12.73961,38.15174,-16.15185,-7.623344,-5.986655,-8.8402,3.017322,-0.6041297,18.22827,30.00863,7.473091,2.997459,13.56953,8.374492,9.261852,9.097597,4.08708,1.263549,0.7483564,-7.502864,9.062432,11.37523,9.021145,14.50853,6.308476,0.8536174,5.975186,7.448231,4.207944,16.29006,1.414007,7.770937,5.654373,-10.19782,-10.72987,-25.83873,22.69061,-26.28132,-12.80164,-15.44108,-24.34647,-26.09331,-2.957621,-24.1861,3.730808,-8.522729,-10.53846,2.440294,-0.6575386,0.4383301,-1.251377,-2.994996,7.884829,-3.088514,20.40959,-4.647207,14.01882,0.3333447,-9.08044,-14.00709,11.09233,8.200469,-15.57565,-11.79152,-8.449536,4.318625,-18.88597,-21.3091,-0.3522441,18.53771,-9.194925
2784140.625,frustration,-26.29878,-50.69381,-48.14411,-50.12703,-42.53052,-25.79621,-14.09636,-15.39935,-43.48374,-34.23354,-27.7231,-34.83683,-39.52097,-36.73596,-52.87161,-41.4328,-21.60197,-24.65334,-30.86551,-35.08185,-11.79784,-8.940072,-24.11178,-4.496095,2.012768,-4.479661,-2.842984,0.3141201,-6.995774,-3.00632,-10.04888,3.40047,-11.67218,-8.225798,-4.766003,-24.54206,-20.57639,-8.422293,0.06778806,-3.879225,21.74226,-7.984287,18.71755,-3.008658,-6.862461,-12.90879,-10.11868,35.89232,-1.729282,3.11307,17.34184,15.47075,2.380213,-5.467856,14.80285,2.446626,-0.9505109,22.67714,-4.605371,0.5573444,3.421503,-6.491317,-11.11406,23.11075,4.321402,16.27429,-10.05138,24.15373,25.90009,9.938414,19.71584,-4.536919,-5.169616,23.09099,23.10019,-1.811779,-1.718698,-5.240733,-8.510194,-3.276587,32.8381,-13.28569,4.425829,9.919752,-21.99374,24.11944,22.0248,2.305581,6.831541,17.99281,1.014605,-19.82528,-1.745742,17.77568,28.15891,3.864485,25.14517,25.97651,-3.177131,-3.797187,-6.960351,-27.78906,-0.2036379,-12.26631,-12.31853,-13.12967,-25.22116,-1.725024,1.870261,4.982732,3.702333,-22.6013,-6.454552,0.9893485,-11.44322,-16.11739,-16.04027,4.306256,17.68556,-3.413363,-3.247879,-0.4083789,-3.126788,-1.837798,-4.978227,-7.025493,0.240573,-2.623267,-13.09391,-0.7759117,-4.35602,-2.683896,4.442044,-8.464345,-15.53071,-8.574731,-6.879885,-7.373561,6.39614,-8.306547,6.658971,-9.827332,-42.56319,-25.0828,-39.40624,15.90223,-35.42459,-24.19847,-12.76029,-25.12943,-38.93894,-7.000453,-20.28263,-11.40205,-10.91172,-22.27805,-11.75969,-11.78194,-10.56983,-12.00489,-6.612209,5.248494,-6.869205,10.74695,-15.51214,-3.89105,-14.15555,-16.94055,-27.87542,0.5441748,-9.233375,-37.32367,-28.85402,-35.38519,-21.44951,-32.17907,-20.90924,-4.601468,9.355361,-21.71376
2941460.9375,exit,-1.148568,-33.30287,-37.77958,-48.32349,-34.28769,-19.30155,-3.167514,2.833841,-29.33025,-23.47323,-18.3445,-18.79079,-25.25019,-24.32913,-39.79587,-25.99558,-11.17618,-19.19914,-23.83251,-28.23422,8.771119,-3.811838,-17.59199,1.957672,8.853518,0.6258352,-3.540835,-1.988543,1.099674,6.672776,-2.89278,6.222036,-14.56165,2.471732,2.901479,-28.33857,-13.8972,-6.435497,-2.708181,-10.97192,13.48104,-11.56753,16.35324,-5.494673,-13.39101,-19.9451,-19.18818,30.62004,-2.791058,1.616174,13.11506,2.762166,-6.092146,-9.403276,11.2346,0.3758686,-2.05436,20.3955,2.241257,0.4826162,11.22613,6.736032,-12.42276,29.21912,6.877815,24.41672,-12.81123,30.2209,29.5918,13.01666,20.19764,-7.401347,-8.019176,14.82418,21.79915,-11.28401,-3.021128,-7.080849,-10.46009,-12.82622,30.03852,-15.09613,3.056384,6.105735,-29.47681,19.10112,11.70874,0.5680327,-8.35208,10.79507,-6.435971,-35.3116,-13.2565,9.223551,19.26409,-13.97823,7.520221,24.84872,-4.642236,-16.24751,-16.55085,-24.48611,-8.134421,-19.33172,-18.68012,-12.21232,-32.44254,-8.7415,-4.639974,2.810217,25.95908,-21.46086,-14.76416,-10.05537,-2.862127,-6.93695,-10.80334,4.371778,13.76436,-12.32356,-17.81797,-8.85211,-8.661026,-5.696771,-5.359488,-9.436269,-2.270567,-6.117264,-14.24358,-0.02322453,-3.557979,-9.339829,-4.330801,0.6060204,-13.15712,1.222234,2.989392,-1.864129,4.678934,-2.083523,3.876873,3.931627,-18.51435,-18.67286,-31.84347,15.18386,-31.78691,-21.422,-21.02244,-31.31814,-34.42659,-8.810054,-26.53269,-0.2442219,-14.20368,-12.32927,2.112371,2.646053,3.030648,0.9908628,-7.546172,2.265162,-9.61425,22.2458,-20.80398,-0.4116735,-15.28824,-28.00227,-29.16792,-12.47379,-6.499724,-35.89326,-32.72722,-31.34051,-17.41502,-42.81128,-44.56439,-12.06651,3.792063,-31.63264
2998035.15625,enter,14.78289,-14.98185,-24.7211,-29.8476,-16.74147,-4.240964,7.994205,12.51528,-2.567823,-2.893344,-0.6657518,-4.355913,-16.31574,-17.84272,-32.68363,-1.976329,5.921906,-20.11162,-24.6116,-28.78313,9.401638,-4.444469,-18.16525,12.68659,19.93714,14.66459,16.69546,16.89496,9.789835,14.89856,10.57359,25.08774,7.946301,7.147147,11.48693,-5.026112,-4.957184,6.546736,12.8307,12.61953,40.72808,16.1766,26.5837,8.179453,5.799341,-0.6875603,3.737696,57.16906,25.7506,15.63056,30.07303,25.93117,19.52864,15.72061,13.60356,2.007168,-1.750774,21.14247,14.33633,10.85698,22.32284,21.55287,-12.07854,41.9171,13.49748,32.20817,-9.32351,42.43707,34.11819,20.09852,29.99678,-6.713277,-6.72898,13.62975,22.61432,-32.94273,-2.035644,-5.924225,-9.317169,-12.69895,30.796,10.79463,38.26297,46.8979,9.045631,54.87654,45.66764,5.489492,3.680989,14.13744,-2.833978,-41.24177,-15.18308,4.664969,20.0022,-10.2292,12.17072,32.30106,2.633,-9.547136,-9.275564,-13.94024,0.2264458,-10.97805,-10.59727,-3.443818,-36.31873,-5.148015,4.262074,3.932591,11.18377,-23.18602,-15.0646,-32.02332,11.41405,-0.7809367,-2.199584,19.7884,32.6626,8.169757,6.043382,17.73328,12.66023,17.05919,21.98165,22.73943,14.53534,20.90016,7.345792,14.37074,22.70543,14.66069,12.68187,13.0095,-1.286012,7.82216,15.55268,10.40252,23.90242,17.61354,22.19061,19.15506,-12.0653,-12.50111,-33.17605,18.76117,-35.40627,-6.258778,-14.68672,-21.95917,-35.7476,-6.417549,-30.69691,11.05149,-12.89081,-18.64051,-10.16399,-4.95105,-0.8700804,-3.122021,-6.357676,5.630384,-7.809554,21.78672,-0.05106565,14.79478,3.293769,-11.59337,-18.49382,2.180281,6.611243,-21.1596,-16.50198,-17.38303,-0.4779367,-29.07592,-27.37234,-11.26412,15.87878,-25.83407
3023785.15625,happy,-8.425075,-35.2149,-31.51403,-33.37354,-23.99072,-10.89929,0.2967838,0.6850712,-29.7311,-14.28759,-10.1223,-22.65758,-30.81468,-28.92871,-43.10916,-19.59684,-4.88096,-23.48157,-28.03453,-31.90784,7.015128,-7.358124,-21.41297,5.7775,8.988177,1.735906,-2.801988,-0.3348858,0.09157702,-0.439599,-6.337718,2.402151,-18.53657,-5.985665,-8.853539,-33.99022,-19.22568,-14.31373,-9.53191,-15.12407,12.77376,-13.30329,16.72261,-7.109883,-11.83,-21.95005,-19.05282,35.25676,-1.404119,4.133435,19.64211,5.145294,2.100837,-0.1916686,18.70651,8.493521,4.418314,28.41379,17.02681,15.88314,32.14667,29.4991,-5.866894,41.97559,20.64095,39.13275,-4.253004,43.13965,40.51059,28.35678,32.11683,-0.5286407,-0.8875691,26.6649,31.7327,-0.07873335,4.187582,0.512406,-2.448866,-5.994543,37.07732,-19.55387,2.063943,1.772073,-28.51508,18.9553,15.99325,1.208644,-4.496271,12.94753,-3.849375,-18.67725,-6.605705,16.04452,34.72251,-6.708771,15.53855,30.96159,6.091158,-7.64901,-8.096789,-15.37641,1.152758,-10.67378,-9.208083,-4.211293,-28.86185,-2.023167,2.040849,9.320317,22.12525,-17.97574,-5.764863,-3.776586,17.11045,-8.392206,-9.881783,10.96814,24.30627,-3.950187,-7.570251,-0.7826797,2.020307,3.778882,3.918016,-7.128727,6.450409,-3.583944,-2.676115,10.21162,19.98646,6.375559,11.63429,11.79786,-13.79002,7.624878,12.50408,12.09484,30.21065,20.69102,18.91683,26.12461,-21.96699,-19.6694,-35.42354,13.36482,-34.23293,-20.88961,-19.16338,-29.91821,-28.53505,0.1410931,-31.37191,11.91461,-6.420985,-9.302252,2.387615,3.026435,7.508906,4.326934,1.811323,13.08082,0.04235911,25.38561,-17.02704,6.756705,-9.274854,-20.2668,-20.94388,0.9840102,1.976959,-27.05429,-20.46087,-23.24742,-8.001225,-34.38118,-24.40966,-7.366497,9.97407,-26.73189
3168660.15625,exit,36.83668,-23.97233,-30.35959,-32.38103,-28.31995,-14.52686,-5.900182,31.93949,-22.62602,-16.83902,-12.92798,-11.81345,-21.41335,-18.49157,-32.77607,-19.83523,-6.668325,-14.40121,-17.8134,-23.42498,9.408074,0.374943,-11.60579,-1.586335,2.241236,-4.052799,-10.43445,-6.850796,-7.282377,-7.009728,-15.09632,-3.651974,-24.93557,-10.42636,-14.28286,-37.40671,-23.04109,-14.15924,-11.5322,-19.42239,1.315477,-23.01101,10.62405,-11.21324,-13.72528,-20.94183,-23.92106,22.22356,-14.11196,2.036637,16.35694,2.889793,-3.18925,-17.3062,14.85761,4.327537,1.693152,24.78196,16.63452,4.622528,8.479766,-7.985819,-7.8853,37.8568,9.454023,17.34921,-7.539493,38.67844,29.69299,9.037982,18.51814,-3.133337,-3.663327,17.06118,19.74831,-9.836573,0.406939,-3.615592,-5.730459,-11.33056,31.67726,-27.14678,-9.607705,-7.373255,-37.17125,0.8302104,10.24843,-3.009856,-0.4577806,-5.589532,-13.49997,-27.85654,-11.45651,10.55666,24.69227,-13.28343,7.938563,26.05384,-13.97145,-17.08404,-13.4129,-19.89343,-5.138013,-16.32057,-15.99511,-9.335794,-29.43612,-3.884542,1.674965,7.985695,29.60952,-22.44957,-10.18887,-11.15474,-23.51973,-12.00694,-9.107683,6.501201,21.78092,-5.631376,-12.94888,-9.268307,-14.16561,-14.14622,-18.70439,-22.63549,-17.02362,-22.13157,-26.42118,-14.41458,-7.927268,-10.29849,3.782456,9.598598,-12.98496,6.043588,10.77045,8.326756,6.68206,-13.4594,-7.152228,-6.054637,-11.88486,-11.08733,-25.19773,20.02953,-27.49929,-16.92633,-20.42147,-26.09446,-31.49622,-2.777415,-28.00552,12.01863,-7.35751,-2.2669,5.649227,5.644017,9.288946,6.326658,-0.09585053,10.19345,-1.641016,26.9313,-26.82475,-0.1694143,-8.994924,-22.285,-29.39963,-1.288552,3.095551,-29.79819,-24.42472,-25.46478,-6.037769,-31.31318,-32.72574,-8.367238,19.0085,-20.47222
3226246.09375,enter,6.174636,-23.25283,-21.58468,-24.56393,-16.74825,-0.5106578,12.39388,10.87279,-22.19882,-5.475775,1.698756,-15.72814,-22.94025,-19.88741,-35.0576,-12.87557,8.089261,-16.79653,-20.70002,-25.05107,14.63316,-1.517095,-14.43171,12.20302,14.36232,5.213033,2.008367,2.535486,10.28691,9.08796,-2.342872,11.3114,-9.469667,4.923872,1.654006,-19.31539,-3.505352,2.448651,6.38742,-1.765389,22.47347,-8.927888,29.90777,3.962075,-0.1550675,-7.805509,-1.8639,39.93946,0.4692368,11.39482,23.75527,13.00407,5.888719,0.5588526,2.028632,-9.012292,-12.10567,10.85046,-1.135022,-9.544141,2.256369,-7.417902,-21.877,19.79808,-0.822434,11.59231,-20.51606,19.10331,19.76777,1.88951,9.673571,-15.84302,-17.304,6.808395,8.09723,-18.24453,-12.83449,-16.49717,-19.23365,-15.57241,19.66253,-13.76087,4.739985,7.209167,-25.55289,16.14313,17.91174,2.108401,-1.634306,12.61893,-7.169913,-29.47875,-10.24032,10.24388,22.59099,-10.59193,11.63327,27.54347,-8.173017,-21.79612,-20.02088,-26.58237,-10.56311,-21.52041,-20.07001,-10.0261,-29.36913,-2.295308,1.815875,6.366051,20.78203,-18.38053,-9.112556,-5.688059,-16.1197,4.576245,2.318739,10.21164,18.57769,-2.915442,-11.28183,-0.9764746,-3.219733,-1.169012,1.032289,-6.116597,-1.482078,-5.995702,-11.23643,-1.791966,-1.281131,-7.446043,-6.480722,-8.372444,1.644219,-2.086799,-6.11289,-10.28725,-1.200841,-7.908188,4.330736,-6.18619,-16.46163,-15.95922,-28.5149,17.42525,-29.69936,-19.8568,-17.14664,-30.96576,-36.83255,-14.70594,-31.0675,-6.4542,-18.67623,-12.15499,-8.524787,-7.927915,-14.06264,-17.23602,-13.82881,-1.40663,-14.91543,14.38868,-15.9052,7.842996,-6.469232,-21.9174,-27.30878,-3.454486,1.125497,-20.12658,-25.22671,-17.5064,-8.44161,-34.19735,-33.67172,-8.234871,9.929003,-26.95844
3256656.25,anger,9.878114,-24.54833,-24.67274,-33.33414,-22.26262,-10.21355,-2.589854,13.70329,-16.30745,-5.925747,-10.11723,-6.806586,-13.91484,-12.45787,-26.56193,-4.486786,-4.362509,-9.921514,-14.36827,-18.06505,31.39042,3.670133,-7.29056,5.987737,10.2983,2.918284,-1.189846,4.95655,3.098175,1.689534,-5.948834,5.407275,-11.06287,-2.233079,-9.38219,-27.69009,-19.59732,-16.28329,-9.915198,-18.30985,6.905166,-10.45459,13.37683,-9.815155,-18.52007,-25.72193,-25.62304,23.87142,-7.119596,0.1602914,12.72549,-3.736674,-7.472495,-11.54141,16.38386,5.514343,2.247276,26.38103,14.21399,6.044354,17.29889,3.753481,-6.500162,35.95286,11.14419,22.28305,-6.148394,35.14896,30.73565,15.13185,22.6245,-2.14596,-1.971522,17.07048,23.45959,-2.573472,1.922241,-0.5077996,-3.246624,-5.338237,33.72363,-10.26547,4.437245,13.6334,-22.23555,16.99845,21.31034,7.078875,2.529227,9.582212,-3.608048,-25.64566,-7.968275,12.82504,27.29924,-10.66853,14.06812,28.78904,-9.436941,-12.3966,-9.521365,-18.38265,-0.5807225,-11.97945,-11.02167,-7.769419,-24.17743,-1.071456,3.425235,8.435863,15.0997,-17.245,-8.307146,-4.691566,-11.6067,-16.96371,-14.75693,7.997352,16.36654,-11.89274,-15.16977,-11.54393,-9.863409,-9.310556,-7.309693,-8.471208,-8.730561,-12.73229,-15.23719,-3.854715,2.274425,-5.992128,3.038678,4.141196,-16.24205,2.923614,5.593578,4.683694,13.58231,-5.673842,-1.035652,4.139352,-8.612277,-8.523789,-23.17405,23.89198,-24.50157,-11.78041,-12.28652,-18.93265,-23.33477,-2.77283,-22.55663,2.459391,-6.564034,-9.389719,-1.287739,-0.0108859,-0.5750713,-4.935465,-1.683408,9.754862,-2.62219,21.11881,-13.14847,5.786709,-6.891199,-18.60156,-26.47752,-2.697568,-1.557836,-26.78742,-25.83956,-23.28625,-3.740422,-34.02044,-31.14112,-0.0900573,16.6105,-23.14562
3443472.65625,exit,17.50563,-5.508083,-18.35656,-20.53735,-13.34443,-3.623765,9.011448,24.71558,-6.788355,-12.8359,-4.243347,-5.624552,-10.19715,-11.47762,-26.1455,-5.20084,1.001871,-9.00317,-12.18504,-16.47014,15.59591,4.651849,-7.007754,19.04907,26.54168,19.03167,15.40894,19.75273,14.58931,19.07741,10.73021,26.79301,5.663527,11.59442,16.12128,-4.631513,3.487167,15.83237,20.98348,13.8765,38.61284,13.72754,32.20602,17.37375,14.71058,9.800986,11.84195,58.34416,22.79646,21.68362,41.19627,30.81341,21.31765,16.71702,12.14447,3.386568,0.09792038,23.55833,22.87581,13.01665,9.759223,-4.022863,-9.296854,43.99856,11.55417,19.09806,-8.026188,42.98123,30.63778,10.97464,22.76422,-5.052203,-4.896283,17.02569,22.86324,-5.712628,-1.022408,-3.345161,-7.433988,-7.170702,29.79144,5.298844,24.49699,23.51827,-7.312058,42.85168,39.81399,26.05137,15.64333,34.75962,17.53232,-4.096882,11.48633,29.35098,40.66885,6.158194,27.52451,36.01736,-1.498002,-9.49837,-11.51009,-13.46463,-2.895537,-14.47235,-12.03105,5.949424,-20.6971,5.577195,6.368881,9.244952,31.12115,-12.41518,-3.40341,-1.757899,-5.085363,5.379152,4.2497,27.10403,39.64756,16.91807,11.13108,18.41211,8.285323,16.57053,18.14603,15.90375,15.45536,16.24908,8.175511,9.972971,5.042025,7.008083,18.6369,17.42509,-5.199421,21.93668,19.35568,13.73908,5.530754,-4.778588,12.01748,-7.103381,-9.943704,-5.857062,-20.5826,25.81754,-20.97968,-13.44239,-19.1257,-24.14001,-26.2746,-6.018301,-24.49122,17.91931,-11.49903,-7.409121,-5.146786,-9.139748,-4.020501,-7.942122,-4.591201,7.154645,-4.346058,34.38603,1.984144,23.44535,10.19529,-2.970197,-8.497499,18.54214,18.1669,-11.7807,-8.375242,-6.282842,10.82442,-14.03977,-9.840346,-3.467705,8.773004,-2.156299
3501050.78125,enter,7.282382,-18.72478,-22.06438,-22.41281,-10.95619,7.916852,19.11984,14.96278,-11.89853,6.036132,16.90243,-17.44798,-19.55915,-16.05804,-28.89785,2.076221,22.66683,-15.97571,-18.318,-22.76843,23.55203,-2.826643,-12.94929,17.75311,20.1263,8.66768,0.4954175,-0.1321894,16.79196,11.27962,-1.18116,8.692039,-14.4792,13.46296,0.06605747,-28.54116,3.982486,0.1903895,2.212697,-10.50541,15.20648,-15.45133,46.49962,14.06294,2.368276,-12.82555,-18.11634,32.20824,-3.112267,33.06554,41.00394,5.471999,-2.08981,-4.546317,3.744825,-5.016409,-7.560389,16.14038,13.55638,1.547693,9.197886,-3.820671,-16.41289,35.18784,4.788485,15.86796,-16.27832,34.98406,23.68197,4.829802,8.954567,-12.80954,-12.7616,3.18169,8.598106,-16.58436,-9.523746,-11.82365,-14.03051,-18.31107,21.32941,-22.78642,-5.238041,-4.117816,-32.67173,11.56541,12.77425,-5.052268,-5.354813,4.199631,-12.2987,-31.50542,-16.90908,1.867639,14.23301,-18.60195,4.278898,15.76577,-19.68687,-26.27799,-22.42314,-33.76167,-13.73083,-24.06372,-23.85979,-13.30927,-41.33876,-14.40494,-10.38297,-4.341798,5.917389,-27.94214,-22.36719,-20.87847,-17.87834,29.68327,26.07845,35.23459,35.90467,4.459256,-10.48461,-8.069185,-8.526983,-4.773859,-0.7998206,-9.003132,-2.915877,-4.957326,-7.035381,-4.173949,-3.702286,-8.832571,0.004186079,19.54242,35.09151,24.53646,20.12321,5.205547,3.446858,-5.859368,0.4033379,-0.7945778,-19.53975,-17.45065,-27.71663,11.91427,-33.55373,-24.83799,-26.5117,-35.76764,-37.53721,-15.15774,-37.80403,18.46567,-19.50408,-19.03602,0.1469189,8.002746,3.449102,-0.5980316,-13.17729,0.03771582,-12.16168,40.53884,-16.60896,14.41144,0.7985414,-22.84758,-24.18133,3.058646,4.656288,-16.88294,-18.33302,-14.48243,-0.5216925,-28.30374,-32.71459,-17.85962,1.620675,-17.33498
3523191.40625,relief,-4.044261,-34.09029,-39.42624,-38.24717,-34.88305,-17.70952,-2.746725,0.1385782,-31.4667,-22.36103,-14.76702,-22.18728,-31.26082,-31.67054,-45.21246,-27.00287,-9.007856,-28.78803,-31.65845,-35.61666,-4.322995,-14.64133,-25.66867,2.757782,12.13716,5.815803,7.418477,8.678696,2.729008,10.84021,1.323152,19.68449,-0.8052111,1.951655,7.948066,-11.37661,-4.060479,10.46954,16.0401,9.39149,29.90694,6.74985,24.29242,12.84731,14.52002,6.844447,10.20128,53.86571,17.81574,15.27956,37.73727,33.6934,21.34068,13.48578,15.54197,7.540881,3.986004,27.28339,30.21981,23.85607,27.69667,19.79656,-5.035217,51.51133,20.43591,33.55843,-4.183373,50.23497,37.63541,21.20087,25.77783,-0.05671849,-0.2218925,21.40862,23.75894,-6.352023,3.007352,0.1656839,-2.470092,-8.55446,33.01122,-2.068329,17.47614,12.22844,-23.15679,26.27733,23.06173,2.017353,-1.675636,17.41241,0.1012512,-29.23626,-10.6713,7.655593,19.17003,-14.2492,4.911057,18.04143,6.532467,-16.85258,-14.19195,-23.86193,-6.117548,-17.47381,-15.62597,-12.28416,-35.26999,-13.93689,-8.998635,-2.321387,8.626179,-24.96147,-16.64431,-11.6469,7.886464,-5.505873,-3.151157,20.97787,37.41413,20.74692,17.18801,23.15763,17.27699,14.81348,10.38618,9.08489,9.050314,7.118065,4.510545,15.16066,22.97029,19.57773,24.83704,19.84096,-15.79987,16.00979,22.21641,21.27744,32.00159,17.45129,18.41291,21.20549,-23.93341,-22.39986,-37.6534,11.11641,-37.78193,-24.66557,-24.76525,-33.48785,-36.93132,-2.572677,-33.06889,18.84649,-6.65543,-13.80909,5.770956,7.195782,14.59059,10.83318,-0.521614,12.07834,-1.25739,29.02669,-8.469991,8.689015,-8.248954,-18.48308,-27.06122,-2.021253,-3.588867,-31.46879,-29.59201,-27.53985,-15.73729,-38.82512,-30.55379,-12.47275,2.82743,-31.8408
3635582.03125,exit,20.15988,-8.319514,-12.30589,-16.41296,-8.000541,7.497189,17.20968,25.83481,-4.416977,4.187228,7.489459,-8.014213,-11.08871,-10.46941,-22.90413,-1.336929,12.0843,-10.45223,-13.46313,-17.27104,21.39437,1.981045,-8.508152,20.35609,23.73073,16.17265,11.47936,12.02058,16.00606,16.01633,7.053312,20.85638,0.1378728,10.89816,7.210763,-13.81657,-1.689126,3.736696,8.641643,-0.307738,24.17301,1.663372,24.6143,4.956572,-1.435966,-6.87607,-5.701639,40.98967,9.299276,7.08277,24.2083,12.58617,6.577489,3.791067,6.05198,-1.981982,-7.632429,14.94001,-4.254178,-14.70296,0.09276257,-8.13826,-17.02851,15.39232,-6.373868,6.518044,-14.21126,15.06485,12.26723,0.6753574,13.35304,-11.31432,-11.08674,4.143446,9.644293,-13.82579,-7.314635,-10.07525,-11.55371,-16.1375,22.87162,-4.475179,13.07906,13.50918,-16.60588,26.2905,27.32125,14.47117,7.828378,14.72181,4.785893,-19.39012,-0.8094698,16.96795,27.37822,-8.631794,9.59549,27.22383,-6.796672,-16.97809,-18.79956,-30.59493,-10.29624,-20.44383,-17.74058,-7.435905,-36.51889,-6.571674,-3.098999,-1.435709,28.31493,-26.75438,-19.07308,-15.82343,-11.6329,2.919863,-2.551225,6.850713,15.30832,-5.060222,-7.700714,2.149472,-4.108697,2.788581,5.238301,1.635134,3.418662,1.723476,-3.42943,-0.817452,-4.391856,-8.147313,-11.64793,-10.60242,-10.10036,-8.962398,-9.331365,-13.99381,-7.840225,-6.761225,4.937926,-10.41439,-11.48994,-11.38485,-21.8594,19.73087,-25.81603,-17.01727,-19.38444,-27.6489,-32.85608,-8.253364,-25.31853,-8.136444,-12.66573,-14.51651,-7.041633,-7.304583,-12.51512,-15.36952,-7.978972,5.536832,-7.949475,13.59506,-5.325325,16.82979,2.485014,-8.032499,-18.39602,9.102619,11.16976,-15.70434,-18.15755,-11.5635,2.437929,-22.81753,-18.79536,-6.484,10.3354,-12.62451
3693171.875,enter,-8.675625,-14.52874,-13.11732,-13.63471,-8.517729,4.148061,7.386919,11.20593,-3.483534,1.545394,4.986872,-9.278031,-15.65728,-9.05825,-23.5449,0.6259722,10.60697,-9.852966,-11.38211,-17.78414,20.85332,2.823286,-7.023647,13.63718,12.08511,5.729166,-2.806478,1.604413,9.110218,-1.066287,-9.220016,0.6495715,-16.66422,-0.386293,-15.27213,-33.2959,-15.81417,-24.58829,-20.77697,-34.39972,-3.291199,-16.5184,16.40706,-14.46633,-29.74524,-42.16856,-42.81557,5.978209,-17.60294,-0.2441609,7.712217,-22.53939,-30.3173,-25.18942,13.32112,4.999588,1.471707,23.75684,5.024133,-9.178548,-3.558896,-9.883983,-8.118956,26.61471,2.42971,10.00613,-7.230036,24.31932,21.43974,8.577416,19.42716,-2.45658,-2.52094,12.02006,19.21914,-5.939039,1.154425,-1.576841,-5.569587,-7.844273,30.1823,-21.92045,-8.334222,-2.286457,-32.42268,6.074161,11.80002,-3.543233,-5.20001,-3.052442,-13.12968,-30.89428,-17.42216,2.196859,14.49069,-19.90585,0.6567532,21.74336,-14.38334,-15.61029,-13.98992,-19.94182,-6.166314,-16.66144,-14.30768,-1.63937,-28.19202,-5.314917,-2.106062,1.911613,23.15303,-18.76111,-11.71936,-2.686329,-24.99156,4.191121,-3.68752,0.8356935,3.212828,-25.24382,-34.27578,-36.80826,-32.21928,-29.62133,-19.48831,-18.32333,-15.75628,-17.58206,-25.1633,-24.71529,-24.94218,-29.4054,-17.26991,-1.813609,7.459368,0.5858491,0.227674,-3.539107,-11.19551,-22.51529,-14.18811,-15.48989,-9.541377,-8.878789,-19.38223,24.62393,-23.03628,-15.51154,-15.77526,-21.21806,-21.88735,-2.777292,-22.52894,-2.182736,-7.494323,-7.145964,2.093348,4.474557,1.443203,-2.416602,-1.811062,13.02585,-2.211083,24.56743,-13.8792,8.14325,3.00316,-18.16415,-20.70361,5.361148,13.77552,-13.14414,-12.13564,-9.187112,4.612807,-28.72898,-41.90189,-10.78018,10.74964,-15.29279
3719710.9375,sad,-8.692812,-38.70109,-40.91865,-39.38575,-29.85808,-15.3466,-5.214034,-2.256261,-33.80022,-22.84664,-21.54129,-22.0591,-31.63282,-31.87813,-44.22152,-28.42594,-15.99546,-28.05131,-30.91267,-35.06008,-7.398106,-14.94007,-26.20594,3.63476,10.53864,4.013967,3.254633,5.674751,1.29263,4.841725,-1.506879,11.6758,-3.862621,-1.928778,-2.597153,-18.46087,-15.50543,-6.332561,-0.540881,-3.188659,20.13016,-3.148982,8.421383,-7.413608,-8.455506,-12.12649,-11.64136,39.13134,6.283524,-4.514557,16.33465,8.86753,9.251119,3.506655,9.115892,0.9056159,-1.533916,20.19078,21.84546,23.00984,37.93737,25.94006,-10.32509,42.75568,21.21774,39.84375,-9.805784,41.90347,39.92203,25.22533,26.76358,-5.822737,-6.126728,19.01757,24.70449,-3.513584,-1.488119,-4.505097,-6.549395,-13.34789,27.50837,-8.129107,8.224605,8.666535,-22.03394,19.88168,19.5349,-1.476044,-6.20509,17.49388,-3.294761,-27.08136,-9.796771,8.086614,20.05605,-11.86384,3.722226,20.95924,6.887796,-12.72807,-14.56115,-17.08982,-6.20513,-16.63267,-15.32566,-6.950726,-28.84707,-6.335971,-4.317288,-1.373456,11.75598,-26.23689,-16.22907,-12.3632,12.30987,-17.26044,-20.95527,-0.09151678,14.01263,-4.110936,-3.847238,4.679985,6.733746,4.607409,1.983039,-0.8311162,6.828188,1.710031,0.7065162,9.232501,19.91839,14.18513,19.64265,-0.6839402,-16.45404,-6.482163,1.151721,11.73345,34.47014,16.00884,17.1468,29.5228,-22.07802,-22.36621,-36.29327,10.33032,-35.90081,-23.16094,-24.62528,-31.71915,-33.74286,-7.966805,-32.20066,-2.522229,-14.16108,-17.57887,-3.84092,-5.945931,-3.654437,-5.679596,-6.634251,7.015742,-7.941062,11.71898,-11.74925,7.453471,-8.00619,-19.46429,-27.73746,-5.773141,-3.558854,-31.21149,-33.77848,-28.78779,-17.99076,-38.0242,-36.78783,-11.57079,1.144455,-30.13432
3871527.34375,exit,32.97489,-3.242167,-2.287189,-9.943408,-7.660679,6.350736,14.6452,29.14524,-2.434951,2.334815,4.391643,-7.591151,-8.577431,-12.27325,-24.7332,-2.770561,9.343112,-12.44479,-14.96513,-20.0476,17.13421,-0.0326351,-10.15747,21.84839,27.84376,21.836,18.45732,21.09791,19.997,20.77457,13.99195,30.69497,8.127309,17.82288,13.9694,-2.600967,6.685285,10.59842,16.61075,10.80336,32.32175,10.83926,27.22138,8.064274,4.122595,3.919007,6.935513,50.28247,13.98626,8.858093,27.33664,18.80975,18.86927,13.56757,2.619341,-5.86709,-9.958496,11.90634,0.5050637,0.3713551,9.802954,5.889577,-18.32481,21.20376,-1.848881,12.1011,-17.18477,19.11017,15.02239,7.9888,16.89758,-12.52537,-13.76706,2.697346,12.50221,-8.878146,-10.03027,-11.32636,-13.6975,-14.5185,18.5295,4.2454,22.37564,22.19439,-6.023355,31.65579,37.26333,20.90929,18.48755,22.39169,9.259893,-9.540227,3.558813,24.56205,36.91606,-2.260967,14.75287,26.18545,3.777952,-16.84312,-16.08495,-20.67546,-9.086026,-19.45992,-17.09976,-5.15603,-26.12497,-4.092259,-0.2422163,2.794924,19.98989,-21.3637,-11.67032,-10.07794,6.439078,7.429605,-2.119248,2.570462,13.78271,0.1901644,-3.798192,8.769855,7.247254,10.31392,11.66825,10.30752,14.46257,9.513068,6.078658,12.30769,12.31543,7.14425,8.725991,-14.30607,0.5821446,-11.89694,-13.1357,-9.902744,14.46054,9.296643,17.4316,10.56707,-10.48391,-11.07096,-22.86802,19.63297,-26.86663,-14.00753,-15.85526,-25.67781,-25.13983,-14.89636,-275.3759,-16.73357,-16.81629,-21.71671,-13.18923,-16.46004,-23.46216,-27.90687,-12.64842,-0.4913802,-13.43723,2.219161,6.166521,25.49374,15.19428,6.124291,-9.973927,25.95511,26.14594,-4.026553,11.14071,1.805397,25.48279,30.13418,-6.924706,-0.9892841,3.261743,13.89019
3929109.375,enter,-10.49686,-36.45621,-29.47063,-17.85809,-0.2931565,21.30102,29.74018,0.4648406,-26.90142,8.635687,9.836665,-18.64897,-28.01668,-22.29136,-34.7117,-3.391432,14.66578,-21.41519,-24.36469,-28.23438,13.41496,-9.740529,-19.55915,41.87009,49.95068,42.50224,43.60014,47.32489,43.69106,46.40388,36.83236,54.68537,36.816,38.00989,38.32274,21.99912,23.57686,30.28982,36.79402,28.0507,53.75014,31.67499,41.9566,23.0843,18.56704,18.48556,19.96871,66.29301,36.99853,21.44223,41.78438,28.68956,24.53759,27.43273,9.231981,1.373577,-2.102763,20.19697,8.071458,0.09727244,9.539149,4.337247,-10.7586,29.50288,4.484846,16.55825,-9.404788,27.05595,20.67329,10.30786,21.44565,-5.681643,-6.338406,9.860716,16.77838,-2.294211,-2.504768,-4.369818,-7.555844,-10.55972,25.13951,29.69633,39.96295,45.004,9.016288,45.07785,52.15845,33.03239,26.67771,36.62357,25.32679,3.876997,12.10202,30.56912,43.82405,3.213935,21.13513,36.94905,0.118706,-14.2472,-13.11608,-21.00717,-5.850928,-16.84259,-14.89118,-4.860844,-25.11525,4.777061,7.327866,6.879767,36.61427,-17.05423,-11.1364,-5.334455,3.852173,16.80504,8.747087,19.3376,27.53358,12.36432,2.28359,18.4869,9.936095,20.19674,25.73855,32.95874,21.16047,24.49492,14.03773,11.95704,9.691027,5.835765,1.952796,0.4922013,12.54599,3.147807,1.443718,-0.9204391,9.635346,5.136881,17.41194,4.8756,-14.99145,-17.82068,-31.48796,15.47306,-31.81228,-18.98721,-22.08195,-25.71367,-28.66539,-7.411234,-26.25544,-1.873684,-12.33553,-17.28757,-8.820299,-9.188285,-9.051337,-14.40269,-5.429008,7.222426,-6.651773,17.96816,25.81233,41.35644,23.50064,19.03644,4.205024,23.34471,24.47293,-4.790984,-10.78226,-5.689414,-10.00678,-12.89961,-6.803308,11.27921,26.51106,-13.36635
3951914.0625,compassion,4.117472,11.36173,-24.67194,-31.60215,-25.21368,-27.04662,-9.575032,11.4223,-13.3013,-14.57526,-11.24202,-16.09637,-25.03724,-17.07453,-30.36225,-9.583793,-7.148715,-14.81163,-17.61417,-21.04303,6.730737,-1.997124,-11.16999,-5.190307,-0.9322296,-6.903469,-10.31017,-6.773504,-7.57433,-7.663198,-17.18864,-2.410468,-21.54097,-12.78596,-15.77107,-31.50905,-21.30569,-15.65162,-12.59913,-11.61838,12.37292,-8.510213,0.4394479,-14.38541,-10.4377,-20.18546,-27.07539,36.25734,6.276414,-6.854078,15.91769,6.04541,10.2537,5.027412,14.53238,7.513178,3.013787,24.88328,12.26068,16.87036,19.07219,18.23742,-4.424559,32.02269,12.04919,29.48376,-3.931483,30.55416,29.59507,20.44226,27.77572,0.7513651,-0.02445691,17.76418,14.52186,1.608508,3.209008,1.451458,-2.834145,-2.572604,30.89845,-18.93147,8.284453,2.152647,-28.03758,20.40346,20.80066,-2.209196,-4.644531,15.41032,-20.85817,-28.98088,-10.56849,-0.1872228,2.341496,-16.45801,-4.093711,19.1517,-7.318601,-26.36819,-12.349,-10.99117,-4.156872,-16.26375,-13.80899,-16.05575,-42.25707,-17.79011,-24.29804,-27.89839,-12.40412,-19.53199,2.761283,98.25149,4.545071,-20.81635,-22.14398,-2.156514,13.66522,-7.849586,-2.710569,3.208922,1.373176,5.686199,4.755673,1.496767,-0.6044781,0.04886245,-1.27623,6.963627,9.324347,1.652214,4.664191,-0.7220612,-25.27895,-5.134645,1.507234,1.027081,13.53485,5.30963,9.606917,12.09671,-32.76084,-29.08168,-23.832,16.88931,-30.50764,-49.14051,-45.64148,-40.39546,-57.23524,-0.2448579,-27.3254,0.4043884,-11.26372,-3.980938,3.796785,-2.467488,3.017154,-2.599577,2.013484,14.73879,1.149536,18.23515,-27.63033,-3.335758,-13.66049,-30.07232,-33.06235,-4.828837,-1.524544,-29.93702,-24.65302,-22.09929,-3.466362,-35.34989,-31.77424,-21.059,-10.02017,-26.29351
4070210.9375,exit,10.80625,-12.21518,-14.83795,-15.37295,-6.107164,12.05904,19.77542,15.42896,-11.3417,10.08085,6.708148,-16.25995,-19.86918,-16.15672,-27.22903,-6.221355,10.58303,-19.20992,-20.39498,-23.5297,17.44673,-5.818318,-15.76569,18.40013,21.65614,15.68831,15.61248,19.63107,16.4368,14.70611,3.367924,22.13245,8.04165,11.76124,5.323358,-7.517764,-1.609239,3.185172,7.955427,1.920719,28.29303,12.7988,20.33549,-0.588303,-0.8756849,-6.65328,2.119553,42.52829,17.73845,4.180638,23.54897,10.71034,10.58307,8.743154,-4.135691,-10.98912,-14.7157,5.881418,-0.8753387,-5.225264,3.426826,-12.28147,-23.8177,19.78415,-4.430377,4.886834,-21.90621,18.37603,12.14577,-0.2481064,12.50753,-17.44978,-19.14221,-0.7079151,7.099036,-13.509,-14.7408,-16.96523,-19.6883,-15.90991,11.8282,4.579191,23.21236,24.40202,-1.588626,35.97927,39.43127,23.29375,19.47675,25.22442,9.672729,-6.228885,3.27016,23.06326,37.03302,-2.64516,16.34461,31.64107,-4.151229,-15.66944,-11.24148,-26.22219,-3.815046,-13.42537,-11.77333,-2.793345,-28.84593,-0.2729044,4.312485,3.943006,29.46627,-25.99765,-14.81477,-8.239342,-13.67942,2.444504,-4.873603,2.905618,10.26827,-4.062327,-11.75132,1.542525,-1.217766,3.445408,6.719565,12.92306,6.459227,7.628197,0.4248057,0.9912487,-0.5697353,-3.914742,-0.6348475,-13.06159,-9.19679,-10.3496,-10.76357,-10.24251,-0.2377664,-11.86498,3.255177,-8.75612,-16.84827,-17.73679,-28.56725,11.774,-30.80471,-21.49961,-28.34862,-33.19873,-43.02147,-17.9703,-37.50935,-10.50125,-24.46609,-20.09261,-11.95029,-13.86758,-16.35973,-20.60677,-14.3558,-2.381355,-15.68819,10.1846,0.8381882,15.76936,0.6543267,1.432929,-10.9658,15.66275,13.01797,-12.64608,-16.21265,-10.22615,-1.974664,-19.36171,-4.40464,4.643595,18.30246,-15.76016
4127785.15625,postbase_instruct,9.504173,-17.39593,-29.83571,-36.44909,-32.8033,-15.94941,-4.342137,13.75514,-22.33356,-17.12368,-18.92183,-15.27824,-22.00565,-23.96509,-35.05134,-33.56132,-15.09889,-20.97136,-22.73519,-28.59332,-3.072641,-9.389902,-19.15758,3.399299,11.34155,7.055522,6.353714,9.46191,3.465289,7.427804,-0.9995252,18.79406,-0.8560758,1.505134,2.559406,-11.42133,-6.843316,3.568246,7.925957,5.432143,25.94287,2.08707,13.10953,-0.8987915,0.3138774,-4.715959,3.358431,44.97551,12.13189,0.07078918,24.39106,16.33391,15.16216,10.93065,-2.183461,-10.09073,-12.98645,8.345866,1.479247,2.51574,11.89374,6.693529,-21.81138,22.9993,1.557183,16.24187,-20.48285,20.19866,17.9057,11.77829,24.01491,-17.06533,-16.47444,6.724824,13.71493,-10.3229,-13.79381,-14.76817,-17.72929,-15.48468,14.20319,-3.856983,12.38664,8.810131,-23.54394,22.55892,24.58495,4.823618,0.7222435,19.05025,1.237031,-21.46397,-4.870237,11.78289,21.02206,-9.369514,6.395419,22.67772,3.874699,-15.05928,-14.65864,-18.12925,-8.103407,-17.58651,-16.25473,-8.541052,-29.31049,-2.769538,-1.383444,3.663004,18.15622,-21.20235,-14.1835,-9.404819,5.912103,-11.88459,-16.11585,-3.033101,14.22207,2.237827,4.611796,10.48999,9.872739,11.21431,10.50964,6.749677,12.75744,6.082862,5.805806,12.75446,14.39807,7.921705,14.83692,-18.36372,-14.05701,-20.33851,-16.32831,-7.362525,15.86997,4.514456,15.97777,9.349372,-14.28059,-18.35608,-30.67704,15.24758,-30.54267,-19.33884,-18.33886,-28.90568,-33.82912,-18.94454,-32.5779,-20.09165,-22.75514,-22.9429,-15.5035,-17.54546,-18.90925,-24.05895,-16.80565,-4.487429,-16.88398,-0.6930339,-5.267163,10.21255,-5.367178,-12.36386,-18.32909,6.204414,1.672691,-28.98924,-26.63236,-23.84868,-7.08924,-29.11254,-27.77819,-11.28855,5.812102,-22.18055
4134238.28125,postbase,16.97166,-6.986238,-13.59066,-11.08012,3.771482,24.40065,25.49156,20.33462,-10.42609,31.25387,8.287337,4.849621,-6.012669,-6.488345,-17.9229,-26.45796,10.83271,-7.435762,-10.50196,-15.81193,5.045707,4.195,-5.27257,26.41905,29.97177,23.10429,16.39852,17.92551,25.97659,21.31389,10.94313,21.81489,2.944264,17.08095,8.471462,-11.25586,4.181066,9.206383,10.53941,1.877869,24.15977,1.908241,32.84964,13.96851,10.47671,1.667136,7.643954,46.24322,9.856138,25.33079,47.24782,25.44738,16.029,12.21098,20.89042,13.07287,9.866229,32.60176,36.545,21.88973,27.02978,15.75511,3.004291,57.14229,25.53955,31.63541,2.325709,54.44138,40.85855,25.54079,29.05634,6.43963,7.45921,23.76841,26.59759,-9.349607,8.715336,8.133978,4.546835,-1.941964,36.56679,-2.998071,13.29048,16.88313,-12.67136,17.85991,26.19889,14.00412,15.26293,7.204488,-2.928611,-10.48151,-4.601417,20.4615,33.83945,-8.045413,10.95635,33.51512,-6.783679,-13.73898,-3.669027,-14.25951,3.632995,-5.74518,-5.099372,14.93264,-19.2556,12.72705,15.81154,28.8636,43.96807,-9.608109,5.603611,31.14421,5.624205,12.24724,14.82572,30.40152,40.94188,21.00966,15.2582,14.17215,11.44168,6.965583,4.843655,0.04099084,3.108121,1.731992,1.335799,12.56077,16.16556,14.70834,24.83319,28.88535,10.30727,29.27191,31.22405,25.8152,22.06439,11.32398,10.14321,14.95203,12.42778,3.138695,-17.54071,33.0887,-16.15688,9.501483,13.56252,-8.986582,-20.63502,3.596174,-16.02476,27.31249,-0.7322785,-5.613536,5.845153,15.46105,18.21038,12.94216,5.871568,18.59461,5.056292,53.5347,4.696714,26.95904,13.47705,3.720559,-4.979428,19.09156,23.8559,-4.281272,-5.591284,-3.406737,8.777358,-16.53548,-15.20302,-3.778786,10.68586,-7.888369
4254238.28125,compassion,-4.066382,-27.56332,-39.75471,-39.58606,-33.73833,-23.27612,-13.37289,1.222646,-28.9648,-36.25693,-25.88022,-14.83371,-24.77005,-23.07622,-34.89183,-26.85678,-22.81901,-21.35566,-23.14514,-28.26555,-9.106078,-9.51305,-17.41542,-5.224819,4.658174,-1.173708,-1.778918,1.256237,-6.173596,0.1683876,-8.94197,9.341144,-9.901671,-6.171836,-6.18791,-21.57794,-10.34189,5.501833,4.250483,2.285425,16.43714,-4.086768,13.15654,7.018266,14.03324,3.262939,8.67905,44.33729,3.725869,12.52493,41.95354,31.24141,23.07554,9.464792,13.97201,7.518551,3.745201,26.60371,40.08315,38.43029,51.56315,48.28175,-2.884103,60.4982,32.49242,51.80539,-3.121924,57.88244,48.5522,36.49752,41.4871,0.9840983,0.5307898,23.17399,32.12167,4.598198,4.041544,2.750854,-0.2253322,-5.332443,30.14327,-15.85157,0.9853628,6.146606,-28.47332,13.82075,19.12911,2.611632,1.229165,10.89128,-3.825734,-19.74367,-10.66588,8.666652,23.26483,-10.60369,5.858637,26.47647,13.41122,-3.258604,-7.23381,-17.97124,-0.3127249,-10.70845,-8.292789,-0.3855272,-25.36551,-2.824542,2.017789,6.948507,22.92739,-16.62698,-7.727288,-4.605219,35.37627,-17.00339,-6.780823,21.3849,38.94239,22.87694,26.35611,29.23904,26.53758,14.45214,3.020617,-3.921724,10.06621,0.6533066,8.659634,28.56833,43.6238,34.69373,41.37286,21.40948,-9.744657,11.0224,22.96721,30.02284,52.98553,44.67459,29.95519,55.10014,-12.48452,-14.86816,-28.90707,19.27061,-28.01391,-15.47979,-13.93895,-22.33946,-24.90742,-0.2577285,-22.60667,23.45316,-4.514014,-9.113012,0.3437652,-1.366577,7.217463,3.107071,2.893815,15.15973,2.145675,25.87295,-16.99355,3.617663,-6.531372,-14.53269,-26.74681,2.649195,-4.870919,-32.61897,-29.26205,-28.26508,-15.28414,-34.25312,-27.62349,-8.398645,12.22475,-30.37327
4258964.84375,ExitThankYou,18.64067,-5.914382,-14.85817,-13.9658,-12.49864,-0.6943641,5.715192,24.0656,-8.136456,-8.532937,-12.19149,-7.739235,-14.75051,-13.91997,-25.29687,-6.200935,-7.969337,-14.98023,-16.66877,-21.4206,13.01469,-3.561631,-11.10565,12.63978,19.68404,13.07991,8.214993,6.409648,12.78431,13.9287,6.833672,19.94337,-1.16827,5.839993,6.787038,-12.31395,-5.719669,0.3472156,7.298077,-1.561972,18.39646,-2.246373,9.560109,-4.823135,-2.354426,-10.27194,-9.333488,36.54575,2.320021,0.8932899,21.79785,5.537769,5.849274,0.3151798,6.492437,-0.4783834,-5.429059,17.89738,12.09295,3.01661,13.77183,6.914023,-11.04823,32.24173,7.09374,20.92103,-11.37862,30.54522,23.70091,12.83972,24.97912,-7.16894,-6.601276,12.54302,19.57906,-3.95454,-4.801941,-6.012072,-9.597903,-7.582195,22.39982,-9.019388,6.954719,11.33206,-21.64149,13.89746,21.21008,3.559721,-3.191904,14.98533,-2.115523,-25.49264,-7.228626,7.05432,16.58932,-12.12381,3.097539,23.25174,0.5729012,-13.18073,-9.769206,-16.74129,-3.536664,-12.8254,-11.94868,-2.71594,-27.40231,-3.486883,0.5650072,6.392508,21.42893,-17.45033,-9.774483,-3.546045,-2.074016,-11.70568,-19.25583,2.866848,12.26983,-4.043371,-8.187526,-1.231995,-2.637642,-1.160578,-3.222905,-5.693753,-2.849427,-3.547367,-4.755625,1.529019,5.214849,-2.403567,4.185169,0.1077653,-21.1141,-2.423471,1.51867,1.324295,9.844274,0.3580451,3.589577,6.278601,-11.9122,-11.8437,-24.1596,21.21947,-26.17881,-13.86717,-14.0554,-22.15152,-27.17469,-8.526323,-26.55117,1.185949,-13.41076,-15.49681,-0.6086229,-3.049473,-1.846502,-6.868675,-5.661107,6.904169,-5.780215,15.47616,-9.039401,13.3646,0.8159057,-10.14381,-20.01764,3.300437,9.169949,-15.9623,-13.67731,-11.58008,1.861655,-29.2462,-28.27833,-15.14054,7.647945,-22.45218
